createdAt,finishedAt,task,status,message,days,maxItems,limitInfluencers,skipInfluencers,platformFilter,usageUsd,scraped,matched,videoCreated,videoSkipped,snapshotCreated
2026-07-20T03:15:50.610Z,2026-07-20T03:15:51.993Z,本地新视频发现,failed,处理 5 位，新增视频 0 条，跳过重复 0 条，错误 5 个。,7,20,5,0,tiktok,0,0,0,0,0,0
2026-07-20T03:15:49.082Z,2026-07-20T03:15:50.491Z,本地新视频发现,failed,处理 5 位，新增视频 0 条，跳过重复 0 条，错误 5 个。,7,20,5,0,tiktok,0,0,0,0,0,0
2026-07-20T03:15:47.508Z,2026-07-20T03:15:48.982Z,本地新视频发现,failed,处理 5 位，新增视频 0 条，跳过重复 0 条，错误 5 个。,7,20,5,0,tiktok,0,0,0,0,0,0
2026-07-20T03:15:45.824Z,2026-07-20T03:15:47.409Z,本地新视频发现,failed,处理 5 位，新增视频 0 条，跳过重复 0 条，错误 5 个。,7,20,5,0,tiktok,0,0,0,0,0,0
2026-07-20T03:15:44.292Z,2026-07-20T03:15:45.716Z,本地新视频发现,failed,处理 5 位，新增视频 0 条，跳过重复 0 条，错误 5 个。,7,20,5,0,tiktok,0,0,0,0,0,0
2026-07-20T03:15:42.607Z,2026-07-20T03:15:44.186Z,本地新视频发现,failed,处理 5 位，新增视频 0 条，跳过重复 0 条，错误 5 个。,7,20,5,0,tiktok,0,0,0,0,0,0
2026-07-20T03:15:41.093Z,2026-07-20T03:15:42.526Z,本地新视频发现,failed,处理 5 位，新增视频 0 条，跳过重复 0 条，错误 5 个。,7,20,5,0,tiktok,0,0,0,0,0,0
2026-07-20T03:15:39.562Z,2026-07-20T03:15:40.984Z,本地新视频发现,failed,处理 5 位，新增视频 0 条，跳过重复 0 条，错误 5 个。,7,20,5,0,tiktok,0,0,0,0,0,0
2026-07-20T03:15:38.021Z,2026-07-20T03:15:39.448Z,本地新视频发现,failed,处理 5 位，新增视频 0 条，跳过重复 0 条，错误 5 个。,7,20,5,0,tiktok,0,0,0,0,0,0
2026-07-20T03:15:36.473Z,2026-07-20T03:15:37.911Z,本地新视频发现,failed,处理 5 位，新增视频 0 条，跳过重复 0 条，错误 5 个。,7,20,5,0,tiktok,0,0,0,0,0,0
2026-07-20T03:15:34.951Z,2026-07-20T03:15:36.364Z,本地新视频发现,failed,处理 5 位，新增视频 0 条，跳过重复 0 条，错误 5 个。,7,20,5,0,tiktok,0,0,0,0,0,0
2026-07-20T03:15:33.366Z,2026-07-20T03:15:34.843Z,本地新视频发现,failed,处理 5 位，新增视频 0 条，跳过重复 0 条，错误 5 个。,7,20,5,0,tiktok,0,0,0,0,0,0
2026-07-20T03:15:31.700Z,2026-07-20T03:15:33.268Z,本地新视频发现,failed,处理 5 位，新增视频 0 条，跳过重复 0 条，错误 5 个。,7,20,5,0,tiktok,0,0,0,0,0,0
2026-07-20T03:14:29.416Z,2026-07-20T03:15:31.589Z,本地新视频发现,partial,处理 5 位，新增视频 0 条，跳过重复 0 条，错误 1 个。,7,20,5,0,tiktok,0.063,63,0,0,0,0
2026-07-20T03:13:54.956Z,2026-07-20T03:14:29.299Z,本地新视频发现,success,处理 2 位，新增视频 0 条，跳过重复 0 条，错误 0 个。,7,20,2,0,instagramreels,0.002,2,0,0,0,0
2026-07-20T03:12:36.532Z,2026-07-20T03:13:54.845Z,本地新视频发现,success,处理 5 位，新增视频 1 条，跳过重复 0 条，错误 0 个。,7,20,5,0,instagramreels,0.0073,9,1,1,0,1
2026-07-20T03:10:20.980Z,2026-07-20T03:12:36.421Z,本地新视频发现,success,处理 5 位，新增视频 0 条，跳过重复 3 条，错误 0 个。,7,20,5,0,instagramreels,0.0142,10,3,0,3,0
2026-07-20T03:08:38.933Z,2026-07-20T03:10:20.846Z,本地新视频发现,success,处理 5 位，新增视频 0 条，跳过重复 0 条，错误 0 个。,7,20,5,0,instagramreels,0.05,26,0,0,0,0
2026-07-20T03:07:28.286Z,2026-07-20T03:08:38.594Z,本地新视频发现,success,处理 5 位，新增视频 0 条，跳过重复 0 条，错误 0 个。,7,20,5,0,instagramreels,0.002,7,0,0,0,0
2026-07-20T03:06:10.135Z,2026-07-20T03:07:28.165Z,本地新视频发现,success,处理 5 位，新增视频 1 条，跳过重复 0 条，错误 0 个。,7,20,5,0,instagramreels,0.0096,14,1,1,0,1
2026-07-20T03:04:47.082Z,2026-07-20T03:06:10.022Z,本地新视频发现,success,处理 5 位，新增视频 1 条，跳过重复 0 条，错误 0 个。,7,20,5,0,instagramreels,0.0109,9,1,1,0,1
2026-07-20T03:03:49.539Z,2026-07-20T03:04:46.949Z,本地新视频发现,success,处理 5 位，新增视频 0 条，跳过重复 0 条，错误 0 个。,7,20,5,0,instagramreels,0.004,9,0,0,0,0
2026-07-20T03:01:54.039Z,2026-07-20T03:03:49.379Z,本地新视频发现,success,处理 5 位，新增视频 4 条，跳过重复 0 条，错误 0 个。,7,20,5,0,instagramreels,0.0073,15,4,4,0,4
2026-07-20T02:59:47.374Z,2026-07-20T03:01:53.924Z,本地新视频发现,success,处理 5 位，新增视频 4 条，跳过重复 0 条，错误 0 个。,7,20,5,0,instagramreels,0.0293,23,4,4,0,4
2026-07-20T02:58:17.253Z,2026-07-20T02:59:47.221Z,本地新视频发现,success,处理 5 位，新增视频 2 条，跳过重复 0 条，错误 0 个。,7,20,5,0,instagramreels,0.0257,32,2,2,0,2
2026-07-20T02:56:54.848Z,2026-07-20T02:58:17.122Z,本地新视频发现,success,处理 5 位，新增视频 0 条，跳过重复 0 条，错误 0 个。,7,20,5,0,instagramreels,0.0109,10,0,0,0,0
2026-07-20T02:55:52.925Z,2026-07-20T02:56:54.723Z,本地新视频发现,success,处理 5 位，新增视频 0 条，跳过重复 0 条，错误 0 个。,7,20,5,0,instagramreels,0.004,8,0,0,0,0
2026-07-20T02:54:10.896Z,2026-07-20T02:55:52.808Z,本地新视频发现,success,处理 5 位，新增视频 0 条，跳过重复 0 条，错误 0 个。,7,20,5,0,instagramreels,0.0119,13,0,0,0,0
2026-07-20T02:52:26.368Z,2026-07-20T02:54:10.781Z,本地新视频发现,success,处理 5 位，新增视频 0 条，跳过重复 1 条，错误 0 个。,7,20,5,0,instagramreels,0.028,17,1,0,1,0
2026-07-20T02:51:36.196Z,2026-07-20T02:52:26.244Z,本地新视频发现,success,处理 5 位，新增视频 0 条，跳过重复 0 条，错误 0 个。,7,20,5,0,instagramreels,0.004,7,0,0,0,0
2026-07-20T02:50:02.126Z,2026-07-20T02:51:36.090Z,本地新视频发现,success,处理 5 位，新增视频 0 条，跳过重复 0 条，错误 0 个。,7,20,5,0,instagramreels,0.005,23,0,0,0,0
2026-07-20T02:47:42.244Z,2026-07-20T02:50:02.012Z,本地新视频发现,success,处理 5 位，新增视频 0 条，跳过重复 0 条，错误 0 个。,7,20,5,0,instagramreels,0.0533,27,0,0,0,0
2026-07-20T02:46:26.139Z,2026-07-20T02:47:42.130Z,本地新视频发现,success,处理 5 位，新增视频 0 条，跳过重复 3 条，错误 0 个。,7,20,5,0,instagramreels,0.0132,14,3,0,3,0
2026-07-20T02:44:35.655Z,2026-07-20T02:46:26.032Z,本地新视频发现,success,处理 5 位，新增视频 0 条，跳过重复 0 条，错误 0 个。,7,20,5,0,instagramreels,0.051,32,0,0,0,0
2026-07-20T02:43:21.358Z,2026-07-20T02:44:35.534Z,本地新视频发现,success,处理 5 位，新增视频 0 条，跳过重复 0 条，错误 0 个。,7,20,5,0,instagramreels,0.0086,7,0,0,0,0
2026-07-20T02:41:42.956Z,2026-07-20T02:43:21.230Z,本地新视频发现,success,处理 5 位，新增视频 0 条，跳过重复 1 条，错误 0 个。,7,20,5,0,instagramreels,0.005,22,1,0,1,0
2026-07-20T02:40:52.216Z,2026-07-20T02:41:42.852Z,本地新视频发现,success,处理 5 位，新增视频 0 条，跳过重复 0 条，错误 0 个。,7,20,5,0,youtubeshort,0.003,5,0,0,0,0
2026-07-20T02:39:20.143Z,2026-07-20T02:40:52.100Z,本地新视频发现,success,处理 5 位，新增视频 3 条，跳过重复 0 条，错误 0 个。,7,20,5,0,youtubeshort,0.012,10,3,3,0,3
2026-07-20T02:37:20.823Z,2026-07-20T02:39:20.019Z,本地新视频发现,success,处理 5 位，新增视频 0 条，跳过重复 0 条，错误 0 个。,7,20,5,0,youtubeshort,0.016,12,0,0,0,0
2026-07-20T02:36:27.622Z,2026-07-20T02:37:20.712Z,本地新视频发现,success,处理 5 位，新增视频 0 条，跳过重复 0 条，错误 0 个。,7,20,5,0,youtubeshort,0,9,0,0,0,0
2026-07-20T02:34:32.367Z,2026-07-20T02:36:27.510Z,本地新视频发现,success,处理 5 位，新增视频 2 条，跳过重复 0 条，错误 0 个。,7,20,5,0,youtubeshort,0.028,12,2,2,0,2
2026-07-20T02:32:55.098Z,2026-07-20T02:34:32.261Z,本地新视频发现,success,处理 5 位，新增视频 0 条，跳过重复 0 条，错误 0 个。,7,20,5,0,youtubeshort,0,5,0,0,0,0
2026-07-20T02:31:40.180Z,2026-07-20T02:32:54.967Z,本地新视频发现,success,处理 5 位，新增视频 0 条，跳过重复 0 条，错误 0 个。,7,20,5,0,youtubeshort,0.008,9,0,0,0,0
2026-07-20T02:30:12.778Z,2026-07-20T02:31:40.063Z,本地新视频发现,success,处理 5 位，新增视频 0 条，跳过重复 0 条，错误 0 个。,7,20,5,0,youtubeshort,0,12,0,0,0,0
2026-07-20T02:29:32.334Z,2026-07-20T02:30:12.671Z,本地新视频发现,success,处理 5 位，新增视频 0 条，跳过重复 0 条，错误 0 个。,7,20,5,0,youtubeshort,0,5,0,0,0,0
2026-07-20T02:26:23.646Z,2026-07-20T02:29:32.227Z,本地新视频发现,success,处理 5 位，新增视频 0 条，跳过重复 0 条，错误 0 个。,7,20,5,0,youtubeshort,0.039,23,0,0,0,0
2026-07-20T02:25:22.371Z,2026-07-20T02:26:23.527Z,本地新视频发现,success,处理 5 位，新增视频 0 条，跳过重复 0 条，错误 0 个。,7,20,5,0,youtubeshort,0,5,0,0,0,0
2026-07-20T02:23:28.351Z,2026-07-20T02:25:22.261Z,本地新视频发现,success,处理 5 位，新增视频 0 条，跳过重复 0 条，错误 0 个。,7,20,5,0,youtubeshort,0,5,0,0,0,0
2026-07-20T02:21:51.589Z,2026-07-20T02:23:28.219Z,本地新视频发现,success,处理 5 位，新增视频 0 条，跳过重复 0 条，错误 0 个。,7,20,5,0,youtubeshort,0.011,12,0,0,0,0
2026-07-20T02:20:13.401Z,2026-07-20T02:21:51.400Z,本地新视频发现,success,处理 5 位，新增视频 2 条，跳过重复 0 条，错误 0 个。,7,20,5,0,youtubeshort,0.019,12,2,2,0,2
2026-07-20T02:18:43.699Z,2026-07-20T02:20:13.300Z,本地新视频发现,success,处理 5 位，新增视频 1 条，跳过重复 0 条，错误 0 个。,7,20,5,0,youtubeshort,0.024,12,1,1,0,1
2026-07-20T02:18:13.599Z,2026-07-20T02:18:43.586Z,本地新视频发现,success,处理 1 位，新增视频 1 条，跳过重复 0 条，错误 0 个。,7,7,1,0,youtubevideo,0,1,1,1,0,1
2026-07-20T02:17:36.784Z,2026-07-20T02:18:13.355Z,本地新视频发现,success,处理 5 位，新增视频 0 条，跳过重复 0 条，错误 0 个。,7,7,5,0,youtubevideo,0,5,0,0,0,0
2026-07-20T02:16:51.598Z,2026-07-20T02:17:36.660Z,本地新视频发现,success,处理 5 位，新增视频 0 条，跳过重复 0 条，错误 0 个。,7,7,5,0,youtubevideo,0,5,0,0,0,0
2026-07-20T02:16:03.457Z,2026-07-20T02:16:51.483Z,本地新视频发现,success,处理 5 位，新增视频 0 条，跳过重复 0 条，错误 0 个。,7,7,5,0,youtubevideo,0.003,5,0,0,0,0
2026-07-20T02:14:28.974Z,2026-07-20T02:16:03.354Z,本地新视频发现,success,处理 5 位，新增视频 0 条，跳过重复 0 条，错误 0 个。,7,7,5,0,youtubevideo,0,5,0,0,0,0
2026-07-20T02:13:11.440Z,2026-07-20T02:14:28.844Z,本地新视频发现,success,处理 5 位，新增视频 0 条，跳过重复 0 条，错误 0 个。,7,7,5,0,youtubevideo,0,7,0,0,0,0
2026-07-20T02:11:31.689Z,2026-07-20T02:13:11.325Z,本地新视频发现,success,处理 5 位，新增视频 1 条，跳过重复 0 条，错误 0 个。,7,7,5,0,youtubevideo,0.004,6,1,1,0,1
2026-07-20T02:09:25.210Z,2026-07-20T02:11:31.573Z,本地新视频发现,success,处理 5 位，新增视频 1 条，跳过重复 0 条，错误 0 个。,7,7,5,0,youtubevideo,0.008,7,1,1,0,1
2026-07-20T02:08:11.650Z,2026-07-20T02:09:25.099Z,本地新视频发现,success,处理 4 位，新增视频 1 条，跳过重复 0 条，错误 0 个。,7,7,5,0,youtubevideo,0.004,5,1,1,0,1
2026-07-20T02:06:49.731Z,2026-07-20T02:08:11.522Z,本地新视频发现,success,处理 4 位，新增视频 0 条，跳过重复 0 条，错误 0 个。,7,7,5,0,youtubevideo,0,5,0,0,0,0
2026-07-20T02:05:54.655Z,2026-07-20T02:06:49.590Z,本地新视频发现,success,处理 5 位，新增视频 0 条，跳过重复 0 条，错误 0 个。,7,7,5,0,youtubevideo,0,5,0,0,0,0
2026-07-20T02:04:26.831Z,2026-07-20T02:05:54.531Z,本地新视频发现,success,处理 5 位，新增视频 0 条，跳过重复 0 条，错误 0 个。,7,7,5,0,youtubevideo,0,5,0,0,0,0
2026-07-20T02:03:06.469Z,2026-07-20T02:04:26.716Z,本地新视频发现,success,处理 5 位，新增视频 0 条，跳过重复 0 条，错误 0 个。,7,7,5,0,youtubevideo,0.012,7,0,0,0,0
2026-07-20T02:01:32.437Z,2026-07-20T02:03:06.321Z,本地新视频发现,success,处理 4 位，新增视频 0 条，跳过重复 0 条，错误 0 个。,7,7,5,0,youtubevideo,0,4,0,0,0,0
2026-07-20T01:59:59.932Z,2026-07-20T02:01:32.331Z,本地新视频发现,success,处理 5 位，新增视频 0 条，跳过重复 0 条，错误 0 个。,7,7,5,0,youtubevideo,0.012,8,0,0,0,0
2026-07-20T01:58:40.956Z,2026-07-20T01:59:59.805Z,本地新视频发现,success,处理 5 位，新增视频 0 条，跳过重复 0 条，错误 0 个。,7,7,5,0,youtubevideo,0,5,0,0,0,0
2026-07-20T01:57:13.027Z,2026-07-20T01:58:40.823Z,本地新视频发现,success,处理 5 位，新增视频 1 条，跳过重复 0 条，错误 0 个。,7,7,5,0,youtubevideo,0.012,10,1,1,0,1
2026-07-20T01:56:22.473Z,2026-07-20T01:57:12.894Z,本地新视频发现,success,处理 5 位，新增视频 0 条，跳过重复 0 条，错误 0 个。,7,7,5,0,youtubevideo,0,5,0,0,0,0
2026-07-20T01:54:51.957Z,2026-07-20T01:56:22.347Z,本地新视频发现,success,处理 5 位，新增视频 0 条，跳过重复 0 条，错误 0 个。,7,7,5,0,youtubevideo,0,5,0,0,0,0
2026-07-20T01:54:21.408Z,2026-07-20T01:54:51.841Z,本地新视频发现,success,处理 4 位，新增视频 0 条，跳过重复 0 条，错误 0 个。,7,7,5,0,youtubevideo,0,4,0,0,0,0
2026-07-20T01:53:45.741Z,2026-07-20T01:54:21.278Z,本地新视频发现,success,处理 4 位，新增视频 0 条，跳过重复 0 条，错误 0 个。,7,7,5,0,youtubevideo,0,4,0,0,0,0
2026-07-19T14:47:20.759Z,2026-07-19T14:48:10.106Z,本地新视频发现,success,处理 2 位，新增视频 0 条，跳过重复 0 条，错误 0 个。,7,20,4,0,tiktok,0.098,32,0,0,0,0
2026-07-19T14:46:30.054Z,2026-07-19T14:47:20.652Z,本地新视频发现,success,处理 5 位，新增视频 4 条，跳过重复 0 条，错误 0 个。,7,20,5,0,tiktok,0.174,97,4,4,0,4
2026-07-19T14:45:50.978Z,2026-07-19T14:46:29.939Z,本地新视频发现,success,处理 5 位，新增视频 1 条，跳过重复 0 条，错误 0 个。,7,20,5,0,tiktok,0.061,100,1,1,0,1
2026-07-19T14:44:36.697Z,2026-07-19T14:45:50.883Z,本地新视频发现,success,处理 5 位，新增视频 3 条，跳过重复 0 条，错误 0 个。,7,20,5,0,tiktok,0.065,100,3,3,0,3
2026-07-19T14:44:36.603Z,2026-07-19T14:44:36.633Z,本地新视频发现,success,处理 0 位，新增视频 0 条，跳过重复 0 条，错误 0 个。,7,20,3,0,instagramreels,0,0,0,0,0,0
2026-07-19T14:44:13.590Z,2026-07-19T14:44:36.469Z,本地新视频发现,success,处理 1 位，新增视频 0 条，跳过重复 0 条，错误 0 个。,7,20,5,0,instagramreels,0.0033,2,0,0,0,0
2026-07-19T14:41:55.359Z,2026-07-19T14:44:13.471Z,本地新视频发现,success,处理 5 位，新增视频 3 条，跳过重复 0 条，错误 0 个。,7,20,5,0,instagramreels,0.0096,8,3,3,0,3
2026-07-19T14:39:51.767Z,2026-07-19T14:41:55.228Z,本地新视频发现,success,处理 5 位，新增视频 0 条，跳过重复 0 条，错误 0 个。,7,20,5,0,instagramreels,0.0533,29,0,0,0,0
2026-07-19T14:38:06.300Z,2026-07-19T14:39:51.478Z,本地新视频发现,success,处理 5 位，新增视频 0 条，跳过重复 0 条，错误 0 个。,7,20,5,0,instagramreels,0.004,8,0,0,0,0
2026-07-19T14:37:10.137Z,2026-07-19T14:38:06.178Z,本地新视频发现,success,处理 3 位，新增视频 0 条，跳过重复 0 条，错误 0 个。,7,20,5,0,instagramreels,0.0145,9,0,0,0,0
2026-07-19T14:35:52.202Z,2026-07-19T14:37:10.004Z,本地新视频发现,success,处理 4 位，新增视频 1 条，跳过重复 0 条，错误 0 个。,7,20,5,0,instagramreels,0.0201,14,1,1,0,1
2026-07-19T14:33:57.155Z,2026-07-19T14:35:52.100Z,本地新视频发现,success,处理 4 位，新增视频 3 条，跳过重复 3 条，错误 0 个。,7,20,5,0,instagramreels,0.0523,31,6,3,3,3
2026-07-19T14:32:51.701Z,2026-07-19T14:33:56.996Z,本地新视频发现,success,处理 5 位，新增视频 1 条，跳过重复 0 条，错误 0 个。,7,20,5,0,instagramreels,0.003,8,1,1,0,1
2026-07-19T14:32:51.608Z,2026-07-19T14:32:51.638Z,本地新视频发现,success,处理 0 位，新增视频 0 条，跳过重复 0 条，错误 0 个。,7,20,5,0,youtubeshort,0,0,0,0,0,0
2026-07-19T14:32:51.524Z,2026-07-19T14:32:51.556Z,本地新视频发现,success,处理 0 位，新增视频 0 条，跳过重复 0 条，错误 0 个。,7,20,5,0,youtubeshort,0,0,0,0,0,0
2026-07-19T14:32:51.445Z,2026-07-19T14:32:51.472Z,本地新视频发现,success,处理 0 位，新增视频 0 条，跳过重复 0 条，错误 0 个。,7,20,5,0,youtubeshort,0,0,0,0,0,0
2026-07-19T14:32:51.366Z,2026-07-19T14:32:51.396Z,本地新视频发现,success,处理 0 位，新增视频 0 条，跳过重复 0 条，错误 0 个。,7,20,5,0,youtubeshort,0,0,0,0,0,0
2026-07-19T14:32:51.285Z,2026-07-19T14:32:51.315Z,本地新视频发现,success,处理 0 位，新增视频 0 条，跳过重复 0 条，错误 0 个。,7,20,5,0,youtubeshort,0,0,0,0,0,0
2026-07-19T14:32:34.967Z,2026-07-19T14:32:51.192Z,本地新视频发现,success,处理 2 位，新增视频 0 条，跳过重复 0 条，错误 0 个。,7,20,5,0,youtubeshort,0,2,0,0,0,0
2026-07-19T14:32:25.457Z,2026-07-19T14:32:34.864Z,本地新视频发现,success,处理 1 位，新增视频 0 条，跳过重复 0 条，错误 0 个。,7,20,5,0,youtubeshort,0,1,0,0,0,0
2026-07-19T14:32:25.342Z,2026-07-19T14:32:25.381Z,本地新视频发现,success,处理 0 位，新增视频 0 条，跳过重复 0 条，错误 0 个。,7,7,5,0,youtubevideo,0,0,0,0,0,0
2026-07-19T14:31:54.288Z,2026-07-19T14:32:25.216Z,本地新视频发现,success,处理 4 位，新增视频 0 条，跳过重复 0 条，错误 0 个。,7,7,5,0,youtubevideo,0,4,0,0,0,0
2026-07-19T14:30:54.898Z,2026-07-19T14:31:54.154Z,本地新视频发现,success,处理 5 位，新增视频 0 条，跳过重复 0 条，错误 0 个。,7,7,5,0,youtubevideo,0,5,0,0,0,0
2026-07-19T14:30:09.319Z,2026-07-19T14:30:54.784Z,本地新视频发现,success,处理 5 位，新增视频 0 条，跳过重复 0 条，错误 0 个。,7,7,5,0,youtubevideo,0,5,0,0,0,0
2026-07-19T14:29:47.985Z,2026-07-19T14:30:09.210Z,本地新视频发现,success,处理 2 位，新增视频 0 条，跳过重复 0 条，错误 0 个。,7,7,5,0,youtubevideo,0,2,0,0,0,0
2026-07-19T14:29:27.066Z,2026-07-19T14:29:47.879Z,本地新视频发现,success,处理 2 位，新增视频 0 条，跳过重复 0 条，错误 0 个。,7,7,5,0,youtubevideo,0,2,0,0,0,0
2026-07-19T14:29:07.467Z,2026-07-19T14:29:26.967Z,本地新视频发现,success,处理 3 位，新增视频 0 条，跳过重复 0 条，错误 0 个。,7,7,5,0,youtubevideo,0,3,0,0,0,0
2026-07-19T14:28:56.975Z,2026-07-19T14:29:07.364Z,本地新视频发现,success,处理 1 位，新增视频 0 条，跳过重复 0 条，错误 0 个。,7,7,5,0,youtubevideo,0,1,0,0,0,0
2026-07-19T14:28:29.646Z,2026-07-19T14:28:56.797Z,本地新视频发现,success,处理 3 位，新增视频 0 条，跳过重复 0 条，错误 0 个。,7,7,5,0,youtubevideo,0,3,0,0,0,0
2026-07-19T14:28:21.174Z,2026-07-19T14:28:29.516Z,本地新视频发现,success,处理 1 位，新增视频 0 条，跳过重复 0 条，错误 0 个。,7,7,5,0,youtubevideo,0,1,0,0,0,0
2026-07-19T14:28:21.059Z,2026-07-19T14:28:21.117Z,本地新视频发现,success,处理 0 位，新增视频 0 条，跳过重复 0 条，错误 0 个。,7,7,5,0,youtubevideo,0,0,0,0,0,0
2026-07-12T17:17:21.804Z,2026-07-12T17:18:06.957Z,本地新视频发现,success,处理 3 位，新增视频 1 条，跳过重复 0 条，错误 0 个。,8,20,13,0,tiktok,0.123,60,1,1,0,1
2026-07-12T17:16:50.008Z,2026-07-12T17:17:21.766Z,本地新视频发现,success,处理 3 位，新增视频 5 条，跳过重复 0 条，错误 0 个。,8,20,13,0,tiktok,0.002,60,5,5,0,5
2026-07-12T17:15:08.836Z,2026-07-12T17:16:49.977Z,本地新视频发现,success,处理 3 位，新增视频 1 条，跳过重复 0 条，错误 0 个。,8,20,13,0,tiktok,0.122,41,1,1,0,1
2026-07-12T17:14:37.943Z,2026-07-12T17:15:08.793Z,本地新视频发现,success,处理 3 位，新增视频 0 条，跳过重复 0 条，错误 0 个。,8,20,13,0,tiktok,0.062,60,0,0,0,0
2026-07-12T17:13:59.053Z,2026-07-12T17:14:37.901Z,本地新视频发现,success,处理 3 位，新增视频 0 条，跳过重复 0 条，错误 0 个。,8,20,13,0,tiktok,0.01,5,0,0,0,0
2026-07-12T17:13:05.992Z,2026-07-12T17:13:59.016Z,本地新视频发现,success,处理 3 位，新增视频 0 条，跳过重复 0 条，错误 0 个。,8,20,13,0,tiktok,0.183,60,0,0,0,0
2026-07-12T17:10:48.463Z,2026-07-12T17:13:05.955Z,本地新视频发现,success,处理 3 位，新增视频 0 条，跳过重复 0 条，错误 0 个。,8,20,13,0,tiktok,0.138,45,0,0,0,0
2026-07-12T17:10:18.142Z,2026-07-12T17:10:48.428Z,本地新视频发现,success,处理 3 位，新增视频 0 条，跳过重复 0 条，错误 0 个。,8,20,13,0,tiktok,0.062,51,0,0,0,0
2026-07-12T17:09:29.678Z,2026-07-12T17:10:18.101Z,本地新视频发现,success,处理 3 位，新增视频 0 条，跳过重复 0 条，错误 0 个。,8,20,13,0,tiktok,0.123,47,0,0,0,0
2026-07-12T17:08:20.608Z,2026-07-12T17:09:29.637Z,本地新视频发现,success,处理 4 位，新增视频 3 条，跳过重复 3 条，错误 0 个。,8,20,13,0,tiktok,0.062,80,6,3,3,3
2026-07-12T17:07:06.883Z,2026-07-12T17:08:20.568Z,本地新视频发现,success,处理 4 位，新增视频 0 条，跳过重复 0 条，错误 0 个。,8,20,13,0,tiktok,0.124,80,0,0,0,0
2026-07-12T17:05:44.719Z,2026-07-12T17:07:06.850Z,本地新视频发现,success,处理 4 位，新增视频 1 条，跳过重复 0 条，错误 0 个。,8,20,13,0,tiktok,0.064,80,1,1,0,1
2026-07-12T17:04:38.303Z,2026-07-12T17:05:44.680Z,本地新视频发现,success,处理 3 位，新增视频 0 条，跳过重复 0 条，错误 0 个。,8,20,13,0,tiktok,0.123,60,0,0,0,0
2026-07-12T17:03:30.140Z,2026-07-12T17:04:38.265Z,本地新视频发现,success,处理 3 位，新增视频 0 条，跳过重复 0 条，错误 0 个。,8,20,13,0,tiktok,0.123,60,0,0,0,0
2026-07-12T17:02:44.747Z,2026-07-12T17:03:30.100Z,本地新视频发现,success,处理 3 位，新增视频 0 条，跳过重复 0 条，错误 0 个。,8,20,13,0,tiktok,0.117,58,0,0,0,0
2026-07-12T17:01:25.999Z,2026-07-12T17:02:44.715Z,本地新视频发现,success,处理 4 位，新增视频 2 条，跳过重复 0 条，错误 0 个。,8,20,13,0,tiktok,0.063,80,2,2,0,2
2026-07-12T17:00:53.927Z,2026-07-12T17:01:25.959Z,本地新视频发现,success,处理 3 位，新增视频 0 条，跳过重复 0 条，错误 0 个。,8,20,13,0,tiktok,0.063,60,0,0,0,0
2026-07-12T17:00:26.197Z,2026-07-12T17:00:53.892Z,本地新视频发现,success,处理 3 位，新增视频 0 条，跳过重复 0 条，错误 0 个。,8,20,13,0,tiktok,0.001,27,0,0,0,0
2026-07-12T16:59:33.384Z,2026-07-12T17:00:26.153Z,本地新视频发现,success,处理 3 位，新增视频 0 条，跳过重复 0 条，错误 0 个。,8,20,13,0,tiktok,0.062,46,0,0,0,0
2026-07-12T16:58:13.562Z,2026-07-12T16:59:33.341Z,本地新视频发现,success,处理 12 位，新增视频 0 条，跳过重复 0 条，错误 0 个。,8,20,13,0,tiktok,0.062,69,0,0,0,0
2026-07-12T16:57:03.547Z,2026-07-12T16:58:13.521Z,本地新视频发现,success,处理 4 位，新增视频 0 条，跳过重复 0 条，错误 0 个。,8,20,13,0,tiktok,0.122,62,0,0,0,0
2026-07-12T16:56:24.877Z,2026-07-12T16:57:03.506Z,本地新视频发现,success,处理 3 位，新增视频 0 条，跳过重复 0 条，错误 0 个。,8,20,13,0,tiktok,0.062,60,0,0,0,0
2026-07-12T16:55:46.757Z,2026-07-12T16:56:24.847Z,本地新视频发现,success,处理 3 位，新增视频 0 条，跳过重复 0 条，错误 0 个。,8,20,13,0,tiktok,0.122,55,0,0,0,0
2026-07-12T16:54:46.434Z,2026-07-12T16:55:46.716Z,本地新视频发现,success,处理 4 位，新增视频 0 条，跳过重复 0 条，错误 0 个。,8,20,13,0,tiktok,0.061,66,0,0,0,0
2026-07-12T16:53:42.816Z,2026-07-12T16:54:46.393Z,本地新视频发现,success,处理 4 位，新增视频 6 条，跳过重复 6 条，错误 0 个。,8,20,13,0,tiktok,0.064,80,12,6,6,6
2026-07-12T16:52:55.564Z,2026-07-12T16:53:42.776Z,本地新视频发现,success,处理 4 位，新增视频 0 条，跳过重复 0 条，错误 0 个。,8,20,13,0,tiktok,0.124,80,0,0,0,0
2026-07-12T16:51:56.014Z,2026-07-12T16:52:55.526Z,本地新视频发现,success,处理 5 位，新增视频 1 条，跳过重复 1 条，错误 0 个。,8,20,13,0,tiktok,0.074,83,2,1,1,1
2026-07-12T16:50:30.624Z,2026-07-12T16:51:55.975Z,本地新视频发现,success,处理 6 位，新增视频 0 条，跳过重复 0 条，错误 0 个。,8,20,13,0,tiktok,0.184,120,0,0,0,0
2026-07-12T16:49:50.069Z,2026-07-12T16:50:06.322Z,本地新视频发现,success,处理 1 位，新增视频 0 条，跳过重复 0 条，错误 0 个。,8,20,15,0,instagramreels,0.001,3,0,0,0,0
2026-07-12T16:47:23.539Z,2026-07-12T16:49:50.027Z,本地新视频发现,success,处理 5 位，新增视频 0 条，跳过重复 0 条，错误 0 个。,8,20,15,0,instagramreels,0.0349,23,0,0,0,0
2026-07-12T16:45:47.060Z,2026-07-12T16:47:23.499Z,本地新视频发现,success,处理 5 位，新增视频 1 条，跳过重复 0 条，错误 0 个。,8,20,15,0,instagramreels,0.0165,10,1,1,0,1
2026-07-12T16:44:07.238Z,2026-07-12T16:45:47.021Z,本地新视频发现,success,处理 5 位，新增视频 5 条，跳过重复 0 条，错误 0 个。,8,20,15,0,instagramreels,0.0109,17,5,5,0,5
2026-07-12T16:42:16.787Z,2026-07-12T16:44:07.198Z,本地新视频发现,success,处理 5 位，新增视频 1 条，跳过重复 0 条，错误 0 个。,8,20,15,0,instagramreels,0.0096,13,1,1,0,1
2026-07-12T16:40:14.004Z,2026-07-12T16:42:16.748Z,本地新视频发现,success,处理 5 位，新增视频 0 条，跳过重复 0 条，错误 0 个。,8,20,15,0,instagramreels,0.028,26,0,0,0,0
2026-07-12T16:37:48.991Z,2026-07-12T16:40:13.966Z,本地新视频发现,success,处理 5 位，新增视频 1 条，跳过重复 0 条，错误 0 个。,8,20,15,0,instagramreels,0.0638,41,1,1,0,1
2026-07-12T16:36:13.242Z,2026-07-12T16:37:48.952Z,本地新视频发现,success,处理 5 位，新增视频 0 条，跳过重复 0 条，错误 0 个。,8,20,15,0,instagramreels,0.0096,13,0,0,0,0
2026-07-12T16:34:44.021Z,2026-07-12T16:36:13.202Z,本地新视频发现,success,处理 6 位，新增视频 0 条，跳过重复 0 条，错误 0 个。,8,20,15,0,instagramreels,0.0175,14,0,0,0,0
2026-07-12T16:33:29.097Z,2026-07-12T16:34:43.979Z,本地新视频发现,success,处理 5 位，新增视频 0 条，跳过重复 0 条，错误 0 个。,8,20,15,0,instagramreels,0.004,9,0,0,0,0
2026-07-12T16:30:58.007Z,2026-07-12T16:33:29.055Z,本地新视频发现,success,处理 5 位，新增视频 2 条，跳过重复 0 条，错误 0 个。,8,20,15,0,instagramreels,0.028,15,2,2,0,2
2026-07-12T16:28:51.409Z,2026-07-12T16:30:57.968Z,本地新视频发现,success,处理 5 位，新增视频 10 条，跳过重复 0 条，错误 0 个。,8,20,15,0,instagramreels,0.0464,33,10,10,0,10
2026-07-12T16:27:19.147Z,2026-07-12T16:28:51.374Z,本地新视频发现,partial,处理 5 位，新增视频 0 条，跳过重复 0 条，错误 1 个。,8,20,15,0,instagramreels,0.004,11,0,0,0,0
2026-07-12T16:26:05.239Z,2026-07-12T16:27:19.106Z,本地新视频发现,success,处理 5 位，新增视频 0 条，跳过重复 0 条，错误 0 个。,8,20,15,0,instagramreels,0.004,6,0,0,0,0
2026-07-12T16:24:09.824Z,2026-07-12T16:26:05.198Z,本地新视频发现,success,处理 7 位，新增视频 0 条，跳过重复 0 条，错误 0 个。,8,20,15,0,instagramreels,0.0073,18,0,0,0,0
2026-07-12T16:22:09.636Z,2026-07-12T16:24:09.793Z,本地新视频发现,success,处理 5 位，新增视频 0 条，跳过重复 0 条，错误 0 个。,8,20,15,0,instagramreels,0.028,21,0,0,0,0
2026-07-12T16:20:23.510Z,2026-07-12T16:22:09.536Z,本地新视频发现,success,处理 7 位，新增视频 0 条，跳过重复 0 条，错误 0 个。,8,20,15,0,instagramreels,0.0083,19,0,0,0,0
2026-07-12T16:18:47.410Z,2026-07-12T16:20:23.471Z,本地新视频发现,success,处理 5 位，新增视频 0 条，跳过重复 0 条，错误 0 个。,8,20,15,0,instagramreels,0.0454,30,0,0,0,0
2026-07-12T16:16:28.235Z,2026-07-12T16:18:47.371Z,本地新视频发现,success,处理 6 位，新增视频 5 条，跳过重复 0 条，错误 0 个。,8,20,15,0,instagramreels,0.029,36,5,5,0,5
2026-07-12T16:14:53.844Z,2026-07-12T16:16:28.191Z,本地新视频发现,success,处理 6 位，新增视频 0 条，跳过重复 0 条，错误 0 个。,8,20,15,0,instagramreels,0.006,9,0,0,0,0
2026-07-12T16:12:41.342Z,2026-07-12T16:14:53.761Z,本地新视频发现,success,处理 7 位，新增视频 3 条，跳过重复 3 条，错误 0 个。,8,20,15,0,instagramreels,0.0875,46,6,3,3,3
2026-07-12T16:09:42.798Z,2026-07-12T16:12:41.301Z,本地新视频发现,success,处理 9 位，新增视频 0 条，跳过重复 0 条，错误 0 个。,8,20,15,0,instagramreels,0.0126,21,0,0,0,0
2026-07-12T16:08:31.020Z,2026-07-12T16:08:31.059Z,本地新视频发现,success,处理 0 位，新增视频 0 条，跳过重复 0 条，错误 0 个。,8,20,14,0,youtubeshort,0,0,0,0,0,0
2026-07-12T16:07:14.184Z,2026-07-12T16:08:30.980Z,本地新视频发现,success,处理 4 位，新增视频 0 条，跳过重复 0 条，错误 0 个。,8,20,15,0,youtubeshort,0,5,0,0,0,0
2026-07-12T16:04:57.508Z,2026-07-12T16:07:14.142Z,本地新视频发现,success,处理 5 位，新增视频 2 条，跳过重复 0 条，错误 0 个。,8,20,15,0,youtubeshort,0.024,19,2,2,0,2
2026-07-12T16:02:55.592Z,2026-07-12T16:04:57.467Z,本地新视频发现,success,处理 7 位，新增视频 0 条，跳过重复 0 条，错误 0 个。,8,20,15,0,youtubeshort,0,8,0,0,0,0
2026-07-12T16:01:24.795Z,2026-07-12T16:02:55.546Z,本地新视频发现,success,处理 5 位，新增视频 0 条，跳过重复 0 条，错误 0 个。,8,20,15,0,youtubeshort,0,5,0,0,0,0
2026-07-12T15:59:13.236Z,2026-07-12T16:01:24.754Z,本地新视频发现,success,处理 5 位，新增视频 0 条，跳过重复 0 条，错误 0 个。,8,20,15,0,youtubeshort,0.032,14,0,0,0,0
2026-07-12T15:58:07.084Z,2026-07-12T15:59:13.194Z,本地新视频发现,success,处理 5 位，新增视频 0 条，跳过重复 0 条，错误 0 个。,8,20,15,0,youtubeshort,0.004,7,0,0,0,0
2026-07-12T15:56:33.481Z,2026-07-12T15:58:07.043Z,本地新视频发现,success,处理 6 位，新增视频 1 条，跳过重复 0 条，错误 0 个。,8,20,15,0,youtubeshort,0.032,18,1,1,0,1
2026-07-12T15:54:12.381Z,2026-07-12T15:56:33.440Z,本地新视频发现,success,处理 5 位，新增视频 0 条，跳过重复 0 条，错误 0 个。,8,20,15,0,youtubeshort,0.079,34,0,0,0,0
2026-07-12T15:52:08.504Z,2026-07-12T15:54:12.339Z,本地新视频发现,success,处理 5 位，新增视频 0 条，跳过重复 0 条，错误 0 个。,8,20,15,0,youtubeshort,0.012,12,0,0,0,0
2026-07-12T15:50:48.991Z,2026-07-12T15:52:08.460Z,本地新视频发现,success,处理 5 位，新增视频 0 条，跳过重复 0 条，错误 0 个。,8,20,15,0,youtubeshort,0.003,5,0,0,0,0
2026-07-12T15:48:56.452Z,2026-07-12T15:50:48.948Z,本地新视频发现,success,处理 6 位，新增视频 0 条，跳过重复 0 条，错误 0 个。,8,20,15,0,youtubeshort,0,8,0,0,0,0
2026-07-12T15:46:32.495Z,2026-07-12T15:48:56.412Z,本地新视频发现,success,处理 7 位，新增视频 0 条，跳过重复 0 条，错误 0 个。,8,20,15,0,youtubeshort,0.032,16,0,0,0,0
2026-07-12T15:43:05.226Z,2026-07-12T15:46:32.451Z,本地新视频发现,success,处理 7 位，新增视频 0 条，跳过重复 0 条，错误 0 个。,8,20,15,0,youtubeshort,0.044,17,0,0,0,0
2026-07-12T15:42:07.145Z,2026-07-12T15:43:05.183Z,本地新视频发现,success,处理 5 位，新增视频 0 条，跳过重复 0 条，错误 0 个。,8,20,15,0,youtubeshort,0.016,9,0,0,0,0
2026-07-12T15:37:18.601Z,2026-07-12T15:42:07.122Z,本地新视频发现,success,处理 7 位，新增视频 3 条，跳过重复 3 条，错误 0 个。,8,20,15,0,youtubeshort,0.18,53,6,3,3,3
2026-07-12T15:36:51.557Z,2026-07-12T15:36:51.594Z,本地新视频发现,success,处理 0 位，新增视频 0 条，跳过重复 0 条，错误 0 个。,8,7,13,0,youtubevideo,0,0,0,0,0,0
2026-07-12T15:36:04.946Z,2026-07-12T15:36:51.517Z,本地新视频发现,success,处理 5 位，新增视频 0 条，跳过重复 0 条，错误 0 个。,8,7,15,0,youtubevideo,0,8,0,0,0,0
2026-07-12T15:34:55.745Z,2026-07-12T15:36:04.904Z,本地新视频发现,success,处理 5 位，新增视频 0 条，跳过重复 0 条，错误 0 个。,8,7,15,0,youtubevideo,0,5,0,0,0,0
2026-07-12T15:34:08.426Z,2026-07-12T15:34:55.704Z,本地新视频发现,success,处理 5 位，新增视频 0 条，跳过重复 0 条，错误 0 个。,8,7,15,0,youtubevideo,0.003,6,0,0,0,0
2026-07-12T15:32:52.348Z,2026-07-12T15:34:08.386Z,本地新视频发现,success,处理 5 位，新增视频 0 条，跳过重复 0 条，错误 0 个。,8,7,15,0,youtubevideo,0.004,6,0,0,0,0
2026-07-12T15:31:28.579Z,2026-07-12T15:32:52.307Z,本地新视频发现,success,处理 5 位，新增视频 0 条，跳过重复 0 条，错误 0 个。,8,7,15,0,youtubevideo,0.004,6,0,0,0,0
2026-07-12T15:30:15.559Z,2026-07-12T15:31:28.539Z,本地新视频发现,success,处理 5 位，新增视频 0 条，跳过重复 0 条，错误 0 个。,8,7,15,0,youtubevideo,0.004,7,0,0,0,0
2026-07-12T15:28:50.583Z,2026-07-12T15:30:15.523Z,本地新视频发现,success,处理 5 位，新增视频 0 条，跳过重复 0 条，错误 0 个。,8,7,15,0,youtubevideo,0,5,0,0,0,0
2026-07-12T15:27:45.393Z,2026-07-12T15:28:50.543Z,本地新视频发现,success,处理 6 位，新增视频 0 条，跳过重复 0 条，错误 0 个。,8,7,15,0,youtubevideo,0,6,0,0,0,0
2026-07-12T15:26:31.051Z,2026-07-12T15:27:45.355Z,本地新视频发现,success,处理 5 位，新增视频 0 条，跳过重复 0 条，错误 0 个。,8,7,15,0,youtubevideo,0.012,8,0,0,0,0
2026-07-12T15:25:35.706Z,2026-07-12T15:26:31.008Z,本地新视频发现,success,处理 5 位，新增视频 0 条，跳过重复 0 条，错误 0 个。,8,7,15,0,youtubevideo,0,5,0,0,0,0
2026-07-12T15:24:29.629Z,2026-07-12T15:25:35.665Z,本地新视频发现,success,处理 5 位，新增视频 0 条，跳过重复 0 条，错误 0 个。,8,7,15,0,youtubevideo,0.008,7,0,0,0,0
2026-07-12T15:23:45.185Z,2026-07-12T15:24:29.536Z,本地新视频发现,success,处理 5 位，新增视频 1 条，跳过重复 0 条，错误 0 个。,8,7,15,0,youtubevideo,0,5,1,1,0,1
2026-07-12T15:22:54.516Z,2026-07-12T15:23:45.079Z,本地新视频发现,success,处理 5 位，新增视频 0 条，跳过重复 0 条，错误 0 个。,8,7,15,0,youtubevideo,0,5,0,0,0,0
2026-07-12T15:20:42.895Z,2026-07-12T15:22:54.476Z,本地新视频发现,success,处理 6 位，新增视频 1 条，跳过重复 1 条，错误 0 个。,8,7,15,0,youtubevideo,0.004,10,2,1,1,1
2026-07-12T15:19:10.614Z,2026-07-12T15:20:42.852Z,本地新视频发现,success,处理 7 位，新增视频 0 条，跳过重复 0 条，错误 0 个。,8,7,15,0,youtubevideo,0,9,0,0,0,0
2026-07-12T15:18:23.007Z,2026-07-12T15:19:10.570Z,本地新视频发现,success,处理 5 位，新增视频 0 条，跳过重复 0 条，错误 0 个。,8,7,15,0,youtubevideo,0,5,0,0,0,0
2026-07-12T15:17:16.948Z,2026-07-12T15:18:22.959Z,本地新视频发现,success,处理 5 位，新增视频 0 条，跳过重复 0 条，错误 0 个。,8,7,15,0,youtubevideo,0,6,0,0,0,0
2026-07-12T15:16:20.003Z,2026-07-12T15:17:16.906Z,本地新视频发现,success,处理 5 位，新增视频 0 条，跳过重复 0 条，错误 0 个。,8,7,15,0,youtubevideo,0,5,0,0,0,0
2026-07-12T15:14:57.909Z,2026-07-12T15:16:19.949Z,本地新视频发现,success,处理 9 位，新增视频 0 条，跳过重复 0 条，错误 0 个。,8,7,15,0,youtubevideo,0.006,9,0,0,0,0
2026-07-12T15:13:22.450Z,2026-07-12T15:14:57.865Z,本地新视频发现,success,处理 6 位，新增视频 2 条，跳过重复 2 条，错误 0 个。,8,7,15,0,youtubevideo,0.004,10,4,2,2,2
2026-07-05T16:07:00.227Z,2026-07-05T16:08:03.397Z,本地新视频发现,success,处理 1 位，新增视频 0 条，跳过重复 0 条，错误 0 个。,7,20,11,0,tiktok,0.061,20,0,0,0,0
2026-07-05T16:06:03.059Z,2026-07-05T16:07:00.191Z,本地新视频发现,success,处理 3 位，新增视频 0 条，跳过重复 0 条，错误 0 个。,7,20,13,0,tiktok,0.062,60,0,0,0,0
2026-07-05T16:04:45.122Z,2026-07-05T16:06:03.021Z,本地新视频发现,success,处理 3 位，新增视频 1 条，跳过重复 0 条，错误 0 个。,7,20,13,0,tiktok,0.183,60,1,1,0,1
2026-07-05T16:03:55.063Z,2026-07-05T16:04:45.083Z,本地新视频发现,success,处理 3 位，新增视频 1 条，跳过重复 0 条，错误 0 个。,7,20,13,0,tiktok,0.061,41,1,1,0,1
2026-07-05T16:03:03.453Z,2026-07-05T16:03:55.038Z,本地新视频发现,success,处理 3 位，新增视频 0 条，跳过重复 0 条，错误 0 个。,7,20,13,0,tiktok,0.071,24,0,0,0,0
2026-07-05T16:02:32.854Z,2026-07-05T16:03:03.413Z,本地新视频发现,success,处理 3 位，新增视频 1 条，跳过重复 0 条，错误 0 个。,7,20,13,0,tiktok,0.001,41,1,1,0,1
2026-07-05T16:02:00.649Z,2026-07-05T16:02:32.817Z,本地新视频发现,success,处理 3 位，新增视频 0 条，跳过重复 0 条，错误 0 个。,7,20,13,0,tiktok,0.122,45,0,0,0,0
2026-07-05T16:01:23.033Z,2026-07-05T16:02:00.613Z,本地新视频发现,success,处理 3 位，新增视频 0 条，跳过重复 0 条，错误 0 个。,7,20,13,0,tiktok,0.123,51,0,0,0,0
2026-07-05T16:00:08.648Z,2026-07-05T16:01:23.000Z,本地新视频发现,success,处理 3 位，新增视频 0 条，跳过重复 0 条，错误 0 个。,7,20,13,0,tiktok,0.024,47,0,0,0,0
2026-07-05T15:58:57.978Z,2026-07-05T16:00:08.612Z,本地新视频发现,success,处理 4 位，新增视频 3 条，跳过重复 3 条，错误 0 个。,7,20,13,0,tiktok,0.184,80,6,3,3,3
2026-07-05T15:58:01.758Z,2026-07-05T15:58:57.942Z,本地新视频发现,success,处理 4 位，新增视频 0 条，跳过重复 0 条，错误 0 个。,7,20,13,0,tiktok,0.002,80,0,0,0,0
2026-07-05T15:57:11.494Z,2026-07-05T15:58:01.722Z,本地新视频发现,success,处理 4 位，新增视频 2 条，跳过重复 0 条，错误 0 个。,7,20,13,0,tiktok,0.063,80,2,2,0,2
2026-07-05T15:56:30.310Z,2026-07-05T15:57:11.458Z,本地新视频发现,success,处理 3 位，新增视频 0 条，跳过重复 0 条，错误 0 个。,7,20,13,0,tiktok,0.061,60,0,0,0,0
2026-07-05T15:55:22.853Z,2026-07-05T15:56:30.295Z,本地新视频发现,success,处理 3 位，新增视频 0 条，跳过重复 0 条，错误 0 个。,7,20,13,0,tiktok,0.122,60,0,0,0,0
2026-07-05T15:54:46.199Z,2026-07-05T15:55:22.821Z,本地新视频发现,success,处理 3 位，新增视频 0 条，跳过重复 0 条，错误 0 个。,7,20,13,0,tiktok,0.061,60,0,0,0,0
2026-07-05T15:54:06.396Z,2026-07-05T15:54:46.163Z,本地新视频发现,success,处理 4 位，新增视频 1 条，跳过重复 1 条，错误 0 个。,7,20,13,0,tiktok,0.062,78,2,1,1,1
2026-07-05T15:52:55.417Z,2026-07-05T15:54:06.360Z,本地新视频发现,success,处理 3 位，新增视频 0 条，跳过重复 0 条，错误 0 个。,7,20,13,0,tiktok,0.183,60,0,0,0,0
2026-07-05T15:51:57.015Z,2026-07-05T15:52:55.379Z,本地新视频发现,success,处理 3 位，新增视频 0 条，跳过重复 0 条，错误 0 个。,7,20,13,0,tiktok,0.141,46,0,0,0,0
2026-07-05T15:51:40.620Z,2026-07-05T15:51:56.976Z,本地新视频发现,success,处理 3 位，新增视频 1 条，跳过重复 0 条，错误 0 个。,7,20,13,0,tiktok,0,26,1,1,0,1
2026-07-05T15:50:35.056Z,2026-07-05T15:51:40.591Z,本地新视频发现,success,处理 12 位，新增视频 0 条，跳过重复 0 条，错误 0 个。,7,20,13,0,tiktok,0.062,69,0,0,0,0
2026-07-05T15:49:06.556Z,2026-07-05T15:50:35.017Z,本地新视频发现,success,处理 3 位，新增视频 0 条，跳过重复 0 条，错误 0 个。,7,20,13,0,tiktok,0.122,42,0,0,0,0
2026-07-05T15:48:10.691Z,2026-07-05T15:49:06.518Z,本地新视频发现,success,处理 4 位，新增视频 0 条，跳过重复 0 条，错误 0 个。,7,20,13,0,tiktok,0.244,80,0,0,0,0
2026-07-05T15:47:36.930Z,2026-07-05T15:48:10.654Z,本地新视频发现,success,处理 3 位，新增视频 0 条，跳过重复 0 条，错误 0 个。,7,20,13,0,tiktok,0.061,60,0,0,0,0
2026-07-05T15:46:34.570Z,2026-07-05T15:47:36.890Z,本地新视频发现,success,处理 4 位，新增视频 0 条，跳过重复 0 条，错误 0 个。,7,20,13,0,tiktok,0.041,61,0,0,0,0
2026-07-05T15:45:27.482Z,2026-07-05T15:46:34.540Z,本地新视频发现,success,处理 3 位，新增视频 0 条，跳过重复 0 条，错误 0 个。,7,20,13,0,tiktok,0.122,60,0,0,0,0
2026-07-05T15:29:04.019Z,2026-07-05T15:35:41.730Z,本地新视频发现,partial,处理 7 位，新增视频 1 条，跳过重复 1 条，错误 1 个。,7,20,15,0,tiktok,0.186,120,2,1,1,1
2026-07-05T15:26:13.980Z,2026-07-05T15:29:03.979Z,本地新视频发现,partial,处理 9 位，新增视频 0 条，跳过重复 0 条，错误 1 个。,7,20,15,0,tiktok,0.305,143,0,0,0,0
2026-07-05T15:23:33.734Z,2026-07-05T15:25:04.447Z,本地新视频发现,success,处理 5 位，新增视频 0 条，跳过重复 0 条，错误 0 个。,7,20,15,0,instagramreels,0.0257,14,0,0,0,0
2026-07-05T15:22:12.903Z,2026-07-05T15:23:33.695Z,本地新视频发现,success,处理 5 位，新增视频 0 条，跳过重复 0 条，错误 0 个。,7,20,15,0,instagramreels,0.0076,13,0,0,0,0
2026-07-05T15:19:26.411Z,2026-07-05T15:22:12.862Z,本地新视频发现,success,处理 5 位，新增视频 1 条，跳过重复 0 条，错误 0 个。,7,20,15,0,instagramreels,0.0165,10,1,1,0,1
2026-07-05T15:17:54.941Z,2026-07-05T15:19:26.373Z,本地新视频发现,success,处理 5 位，新增视频 0 条，跳过重复 0 条，错误 0 个。,7,20,15,0,instagramreels,0.0257,16,0,0,0,0
2026-07-05T15:15:58.812Z,2026-07-05T15:17:54.903Z,本地新视频发现,success,处理 5 位，新增视频 2 条，跳过重复 0 条，错误 0 个。,7,20,15,0,instagramreels,0.0224,21,2,2,0,2
2026-07-05T15:13:38.900Z,2026-07-05T15:15:58.775Z,本地新视频发现,success,处理 5 位，新增视频 3 条，跳过重复 0 条，错误 0 个。,7,20,15,0,instagramreels,0.0648,39,3,3,0,3
2026-07-05T15:11:25.881Z,2026-07-05T15:13:38.866Z,本地新视频发现,success,处理 5 位，新增视频 0 条，跳过重复 0 条，错误 0 个。,7,20,15,0,instagramreels,0.028,19,0,0,0,0
2026-07-05T15:09:46.042Z,2026-07-05T15:11:25.838Z,本地新视频发现,success,处理 6 位，新增视频 0 条，跳过重复 0 条，错误 0 个。,7,20,15,0,instagramreels,0.0132,11,0,0,0,0
2026-07-05T15:08:34.061Z,2026-07-05T15:09:46.007Z,本地新视频发现,success,处理 5 位，新增视频 0 条，跳过重复 0 条，错误 0 个。,7,20,15,0,instagramreels,0.004,12,0,0,0,0
2026-07-05T15:06:09.556Z,2026-07-05T15:08:34.025Z,本地新视频发现,success,处理 5 位，新增视频 2 条，跳过重复 0 条，错误 0 个。,7,20,15,0,instagramreels,0.0142,18,2,2,0,2
2026-07-05T15:04:11.837Z,2026-07-05T15:06:09.520Z,本地新视频发现,success,处理 5 位，新增视频 1 条，跳过重复 0 条，错误 0 个。,7,20,15,0,instagramreels,0.0395,28,1,1,0,1
2026-07-05T15:02:42.309Z,2026-07-05T15:04:11.799Z,本地新视频发现,success,处理 5 位，新增视频 0 条，跳过重复 0 条，错误 0 个。,7,20,15,0,instagramreels,0.0224,16,0,0,0,0
2026-07-05T15:01:20.876Z,2026-07-05T15:02:42.269Z,本地新视频发现,success,处理 5 位，新增视频 1 条，跳过重复 0 条，错误 0 个。,7,20,15,0,instagramreels,0.004,5,1,1,0,1
2026-07-05T14:59:13.529Z,2026-07-05T15:01:20.836Z,本地新视频发现,success,处理 6 位，新增视频 0 条，跳过重复 0 条，错误 0 个。,7,20,15,0,instagramreels,0.0221,13,0,0,0,0
2026-07-05T14:57:47.727Z,2026-07-05T14:59:13.492Z,本地新视频发现,success,处理 6 位，新增视频 0 条，跳过重复 0 条，错误 0 个。,7,20,15,0,instagramreels,0.0372,22,0,0,0,0
2026-07-05T14:55:54.333Z,2026-07-05T14:57:47.692Z,本地新视频发现,success,处理 7 位，新增视频 0 条，跳过重复 0 条，错误 0 个。,7,20,15,0,instagramreels,0.0188,19,0,0,0,0
2026-07-05T14:53:23.600Z,2026-07-05T14:55:54.291Z,本地新视频发现,success,处理 5 位，新增视频 0 条，跳过重复 0 条，错误 0 个。,7,20,15,0,instagramreels,0.0487,31,0,0,0,0
2026-07-05T14:50:49.150Z,2026-07-05T14:53:23.561Z,本地新视频发现,success,处理 6 位，新增视频 2 条，跳过重复 2 条，错误 0 个。,7,20,15,0,instagramreels,0.0418,23,4,2,2,2
2026-07-05T14:49:30.751Z,2026-07-05T14:50:49.117Z,本地新视频发现,success,处理 6 位，新增视频 0 条，跳过重复 0 条，错误 0 个。,7,20,15,0,instagramreels,0.0099,14,0,0,0,0
2026-07-05T14:46:01.868Z,2026-07-05T14:49:30.729Z,本地新视频发现,success,处理 7 位，新增视频 3 条，跳过重复 3 条，错误 0 个。,7,20,15,0,instagramreels,0.0809,46,6,3,3,3
2026-07-05T14:42:56.823Z,2026-07-05T14:46:01.821Z,本地新视频发现,success,处理 9 位，新增视频 0 条，跳过重复 0 条，错误 0 个。,7,20,15,0,instagramreels,0.0172,21,0,0,0,0
2026-07-05T14:40:24.138Z,2026-07-05T14:41:39.841Z,本地新视频发现,success,处理 4 位，新增视频 0 条，跳过重复 0 条，错误 0 个。,7,20,14,0,youtubeshort,0.004,8,0,0,0,0
2026-07-05T14:37:54.093Z,2026-07-05T14:40:24.101Z,本地新视频发现,success,处理 5 位，新增视频 0 条，跳过重复 0 条，错误 0 个。,7,20,15,0,youtubeshort,0.016,11,0,0,0,0
2026-07-05T14:35:57.840Z,2026-07-05T14:37:54.048Z,本地新视频发现,success,处理 7 位，新增视频 0 条，跳过重复 0 条，错误 0 个。,7,20,15,0,youtubeshort,0.004,9,0,0,0,0
2026-07-05T14:35:02.515Z,2026-07-05T14:35:57.801Z,本地新视频发现,success,处理 5 位，新增视频 0 条，跳过重复 0 条，错误 0 个。,7,20,15,0,youtubeshort,0,5,0,0,0,0
2026-07-05T14:32:55.050Z,2026-07-05T14:35:02.482Z,本地新视频发现,success,处理 5 位，新增视频 0 条，跳过重复 0 条，错误 0 个。,7,20,15,0,youtubeshort,0.024,10,0,0,0,0
2026-07-05T14:30:59.058Z,2026-07-05T14:32:55.008Z,本地新视频发现,success,处理 5 位，新增视频 0 条，跳过重复 0 条，错误 0 个。,7,20,15,0,youtubeshort,0,5,0,0,0,0
2026-07-05T14:29:08.673Z,2026-07-05T14:30:59.013Z,本地新视频发现,success,处理 6 位，新增视频 2 条，跳过重复 0 条，错误 0 个。,7,20,15,0,youtubeshort,0.04,16,2,2,0,2
2026-07-05T14:26:30.679Z,2026-07-05T14:29:08.628Z,本地新视频发现,success,处理 5 位，新增视频 0 条，跳过重复 0 条，错误 0 个。,7,20,15,0,youtubeshort,0.104,32,0,0,0,0
2026-07-05T14:23:25.414Z,2026-07-05T14:26:30.661Z,本地新视频发现,success,处理 5 位，新增视频 0 条，跳过重复 0 条，错误 0 个。,7,20,15,0,youtubeshort,0.012,8,0,0,0,0
2026-07-05T14:22:34.272Z,2026-07-05T14:23:25.392Z,本地新视频发现,success,处理 5 位，新增视频 0 条，跳过重复 0 条，错误 0 个。,7,20,15,0,youtubeshort,0,5,0,0,0,0
2026-07-05T14:20:12.425Z,2026-07-05T14:22:34.232Z,本地新视频发现,success,处理 6 位，新增视频 0 条，跳过重复 0 条，错误 0 个。,7,20,15,0,youtubeshort,0,6,0,0,0,0
2026-07-05T14:16:15.548Z,2026-07-05T14:20:12.390Z,本地新视频发现,success,处理 7 位，新增视频 0 条，跳过重复 0 条，错误 0 个。,7,20,15,0,youtubeshort,0.04,16,0,0,0,0
2026-07-05T14:13:11.443Z,2026-07-05T14:16:15.525Z,本地新视频发现,success,处理 7 位，新增视频 0 条，跳过重复 0 条，错误 0 个。,7,20,15,0,youtubeshort,0.04,21,0,0,0,0
2026-07-05T14:10:37.710Z,2026-07-05T14:13:11.338Z,本地新视频发现,success,处理 5 位，新增视频 3 条，跳过重复 0 条，错误 0 个。,7,20,15,0,youtubeshort,0.016,9,3,3,0,3
2026-07-05T14:06:37.363Z,2026-07-05T14:10:37.671Z,本地新视频发现,success,处理 7 位，新增视频 4 条，跳过重复 4 条，错误 0 个。,7,20,15,0,youtubeshort,0.18,59,8,4,4,4
2026-07-05T14:03:26.848Z,2026-07-05T14:04:28.094Z,本地新视频发现,success,处理 4 位，新增视频 0 条，跳过重复 0 条，错误 0 个。,7,7,14,0,youtubevideo,0,4,0,0,0,0
2026-07-05T14:01:02.546Z,2026-07-05T14:03:26.810Z,本地新视频发现,success,处理 5 位，新增视频 0 条，跳过重复 0 条，错误 0 个。,7,7,15,0,youtubevideo,0,5,0,0,0,0
2026-07-05T13:59:37.058Z,2026-07-05T14:01:02.508Z,本地新视频发现,success,处理 5 位，新增视频 0 条，跳过重复 0 条，错误 0 个。,7,7,15,0,youtubevideo,0.003,5,0,0,0,0
2026-07-05T13:58:42.116Z,2026-07-05T13:59:37.018Z,本地新视频发现,success,处理 5 位，新增视频 1 条，跳过重复 0 条，错误 0 个。,7,7,15,0,youtubevideo,0.004,6,1,1,0,1
2026-07-05T13:57:49.898Z,2026-07-05T13:58:42.077Z,本地新视频发现,success,处理 5 位，新增视频 0 条，跳过重复 0 条，错误 0 个。,7,7,15,0,youtubevideo,0.004,6,0,0,0,0
2026-07-05T13:57:08.120Z,2026-07-05T13:57:49.861Z,本地新视频发现,success,处理 5 位，新增视频 0 条，跳过重复 0 条，错误 0 个。,7,7,15,0,youtubevideo,0,5,0,0,0,0
2026-07-05T13:55:30.932Z,2026-07-05T13:57:08.082Z,本地新视频发现,success,处理 5 位，新增视频 0 条，跳过重复 0 条，错误 0 个。,7,7,15,0,youtubevideo,0.004,6,0,0,0,0
2026-07-05T13:54:15.131Z,2026-07-05T13:55:30.895Z,本地新视频发现,success,处理 5 位，新增视频 0 条，跳过重复 0 条，错误 0 个。,7,7,15,0,youtubevideo,0,6,0,0,0,0
2026-07-05T13:53:09.823Z,2026-07-05T13:54:15.093Z,本地新视频发现,success,处理 6 位，新增视频 0 条，跳过重复 0 条，错误 0 个。,7,7,15,0,youtubevideo,0.008,8,0,0,0,0
2026-07-05T13:51:43.243Z,2026-07-05T13:53:09.784Z,本地新视频发现,success,处理 5 位，新增视频 0 条，跳过重复 0 条，错误 0 个。,7,7,15,0,youtubevideo,0,5,0,0,0,0
2026-07-05T13:50:36.638Z,2026-07-05T13:51:43.205Z,本地新视频发现,success,处理 5 位，新增视频 0 条，跳过重复 0 条，错误 0 个。,7,7,15,0,youtubevideo,0.008,7,0,0,0,0
2026-07-05T13:49:49.058Z,2026-07-05T13:50:36.596Z,本地新视频发现,success,处理 5 位，新增视频 0 条，跳过重复 0 条，错误 0 个。,7,7,15,0,youtubevideo,0.004,6,0,0,0,0
2026-07-05T13:48:57.614Z,2026-07-05T13:49:49.018Z,本地新视频发现,success,处理 5 位，新增视频 0 条，跳过重复 0 条，错误 0 个。,7,7,15,0,youtubevideo,0,5,0,0,0,0
2026-07-05T13:47:34.614Z,2026-07-05T13:48:57.577Z,本地新视频发现,success,处理 5 位，新增视频 0 条，跳过重复 0 条，错误 0 个。,7,7,15,0,youtubevideo,0.008,7,0,0,0,0
2026-07-05T13:46:12.442Z,2026-07-05T13:47:34.573Z,本地新视频发现,success,处理 7 位，新增视频 0 条，跳过重复 0 条，错误 0 个。,7,7,15,0,youtubevideo,0,7,0,0,0,0
2026-07-05T13:45:32.132Z,2026-07-05T13:46:12.403Z,本地新视频发现,success,处理 5 位，新增视频 0 条，跳过重复 0 条，错误 0 个。,7,7,15,0,youtubevideo,0,5,0,0,0,0
2026-07-05T13:44:46.695Z,2026-07-05T13:45:32.094Z,本地新视频发现,success,处理 5 位，新增视频 0 条，跳过重复 0 条，错误 0 个。,7,7,15,0,youtubevideo,0,5,0,0,0,0
2026-07-05T13:44:16.170Z,2026-07-05T13:44:46.659Z,本地新视频发现,success,处理 5 位，新增视频 0 条，跳过重复 0 条，错误 0 个。,7,7,15,0,youtubevideo,0,5,0,0,0,0
2026-07-05T13:42:16.631Z,2026-07-05T13:44:16.130Z,本地新视频发现,success,处理 9 位，新增视频 0 条，跳过重复 0 条，错误 0 个。,7,7,15,0,youtubevideo,0,9,0,0,0,0
2026-07-05T13:40:17.314Z,2026-07-05T13:42:16.589Z,本地新视频发现,success,处理 6 位，新增视频 2 条，跳过重复 2 条，错误 0 个。,7,7,15,0,youtubevideo,0.016,10,4,2,2,2
2026-06-29T05:23:05.383Z,2026-06-29T05:34:53.131Z,本地新视频发现,success,处理 27 位，新增视频 23 条，跳过重复 0 条，错误 0 个。,8,20,27,200,tiktok,1.286,540,23,23,0,23
2026-06-29T04:58:14.292Z,2026-06-29T05:23:02.848Z,本地新视频发现,success,处理 50 位，新增视频 18 条，跳过重复 12 条，错误 0 个。,8,20,50,150,tiktok,2.084,804,30,18,12,18
2026-06-29T04:35:59.769Z,2026-06-29T04:58:11.755Z,本地新视频发现,success,处理 50 位，新增视频 14 条，跳过重复 11 条，错误 0 个。,8,20,50,100,tiktok,2.095,884,25,14,11,14
2026-06-29T04:07:40.934Z,2026-06-29T04:35:57.274Z,本地新视频发现,partial,处理 50 位，新增视频 18 条，跳过重复 2 条，错误 1 个。,8,20,50,50,tiktok,2.287,853,20,18,2,18
2026-06-28T15:23:36.609Z,2026-06-28T15:35:39.313Z,本地新视频发现,success,处理 50 位，新增视频 27 条，跳过重复 0 条，错误 0 个。,8,30,50,0,tiktok,1.828,1402,27,27,0,27
2026-06-28T12:40:02.555Z,2026-06-28T15:18:51.048Z,本地新视频发现,success,处理 176 位，新增视频 3 条，跳过重复 0 条，错误 0 个。,8,30,176,0,instagramreels,0.7052,517,3,3,0,3
2026-06-28T11:34:35.892Z,2026-06-28T12:40:02.500Z,本地新视频发现,success,处理 139 位，新增视频 12 条，跳过重复 2 条，错误 0 个。,8,30,139,0,youtubeshort,0.959,390,14,12,2,12
2026-06-28T10:44:42.546Z,2026-06-28T11:34:35.816Z,本地新视频发现,success,处理 173 位，新增视频 11 条，跳过重复 2 条，错误 0 个。,8,30,173,0,youtubevideo,0.194,216,13,11,2,11
2026-06-21T23:39:44.164Z,2026-06-22T00:01:10.834Z,本地新视频发现,success,处理 88 位，新增视频 32 条，跳过重复 33 条，错误 0 个。,7,30,100,0,tiktok,2.664,2107,65,32,33,32
2026-06-21T23:38:58.756Z,2026-06-21T23:39:05.646Z,本地新视频发现,success,处理 1 位，新增视频 1 条，跳过重复 0 条，错误 0 个。,7,30,1,0,tiktok,0,30,1,1,0,1
2026-06-21T15:41:47.306Z,2026-06-21T16:12:20.504Z,本地新视频发现,partial,处理 217 位，新增视频 60 条，跳过重复 20 条，错误 70 个。,7,30,5000,0,tiktok,4.128,3876,80,60,20,60
2026-06-21T14:39:24.358Z,2026-06-21T15:41:19.490Z,本地新视频发现,partial,处理 182 位，新增视频 41 条，跳过重复 12 条，错误 1 个。,7,30,5000,0,instagramreels,0.6205,648,53,41,12,41
2026-06-21T13:35:51.495Z,2026-06-21T14:34:38.111Z,本地新视频发现,success,处理 151 位，新增视频 23 条，跳过重复 11 条，错误 0 个。,7,30,5000,0,youtubeshort,1.001,421,34,23,11,23
2026-06-21T12:55:31.986Z,2026-06-21T13:35:11.376Z,本地新视频发现,partial,处理 178 位，新增视频 8 条，跳过重复 6 条，错误 1 个。,7,30,5000,0,youtubevideo,0.119,218,14,8,6,8
2026-06-15T03:29:52.946Z,2026-06-15T03:30:29.634Z,本地新视频发现,success,处理 1 位，新增视频 0 条，跳过重复 0 条，错误 0 个。,9,50,1,0,tiktok,0.142,47,0,0,0,0
2026-06-15T03:29:34.351Z,2026-06-15T03:29:52.910Z,本地新视频发现,success,处理 1 位，新增视频 0 条，跳过重复 0 条，错误 0 个。,9,50,1,0,tiktok,0.151,50,0,0,0,0
2026-06-15T03:29:11.186Z,2026-06-15T03:29:34.318Z,本地新视频发现,success,处理 1 位，新增视频 1 条，跳过重复 0 条，错误 0 个。,9,50,1,0,tiktok,0.151,50,1,1,0,1
2026-06-15T03:28:58.065Z,2026-06-15T03:29:11.152Z,本地新视频发现,success,处理 1 位，新增视频 1 条，跳过重复 0 条，错误 0 个。,9,50,1,0,tiktok,0.151,50,1,1,0,1
2026-06-15T03:28:36.127Z,2026-06-15T03:28:58.031Z,本地新视频发现,success,处理 1 位，新增视频 2 条，跳过重复 1 条，错误 0 个。,9,50,1,0,tiktok,0.151,50,3,2,1,2
2026-06-15T03:28:27.579Z,2026-06-15T03:28:36.084Z,本地新视频发现,success,处理 1 位，新增视频 0 条，跳过重复 0 条，错误 0 个。,9,50,1,0,tiktok,0.091,50,0,0,0,0
2026-06-15T03:28:12.776Z,2026-06-15T03:28:27.557Z,本地新视频发现,success,处理 1 位，新增视频 0 条，跳过重复 0 条，错误 0 个。,9,50,1,0,tiktok,0.001,50,0,0,0,0
2026-06-15T03:28:01.266Z,2026-06-15T03:28:12.760Z,本地新视频发现,success,处理 1 位，新增视频 0 条，跳过重复 0 条，错误 0 个。,9,50,1,0,tiktok,0.151,50,0,0,0,0
2026-06-15T03:27:53.702Z,2026-06-15T03:28:01.240Z,本地新视频发现,success,处理 1 位，新增视频 0 条，跳过重复 0 条，错误 0 个。,9,50,1,0,tiktok,0.091,50,0,0,0,0
2026-06-15T03:27:44.214Z,2026-06-15T03:27:53.687Z,本地新视频发现,success,处理 1 位，新增视频 2 条，跳过重复 0 条，错误 0 个。,9,50,1,0,tiktok,0.001,50,2,2,0,2
2026-06-15T03:27:33.847Z,2026-06-15T03:27:44.181Z,本地新视频发现,success,处理 1 位，新增视频 0 条，跳过重复 0 条，错误 0 个。,9,50,1,0,tiktok,0.001,50,0,0,0,0
2026-06-15T03:27:20.531Z,2026-06-15T03:27:33.814Z,本地新视频发现,success,处理 1 位，新增视频 3 条，跳过重复 0 条，错误 0 个。,9,50,1,0,tiktok,0.151,50,3,3,0,3
2026-06-15T03:26:44.656Z,2026-06-15T03:27:20.510Z,本地新视频发现,success,处理 1 位，新增视频 0 条，跳过重复 0 条，错误 0 个。,9,50,1,0,tiktok,0.151,50,0,0,0,0
2026-06-15T03:26:31.257Z,2026-06-15T03:26:44.623Z,本地新视频发现,success,处理 1 位，新增视频 4 条，跳过重复 0 条，错误 0 个。,9,50,1,0,tiktok,0.091,50,4,4,0,4
2026-06-15T03:26:17.707Z,2026-06-15T03:26:31.233Z,本地新视频发现,success,处理 1 位，新增视频 4 条，跳过重复 1 条，错误 0 个。,9,50,1,0,tiktok,0.151,50,5,4,1,4
2026-06-15T03:26:03.150Z,2026-06-15T03:26:17.669Z,本地新视频发现,success,处理 1 位，新增视频 7 条，跳过重复 0 条，错误 0 个。,9,50,1,0,tiktok,0.151,50,7,7,0,7
2026-06-15T03:25:53.003Z,2026-06-15T03:26:03.115Z,本地新视频发现,success,处理 1 位，新增视频 10 条，跳过重复 0 条，错误 0 个。,9,50,1,0,tiktok,0,50,10,10,0,10
2026-06-15T03:25:36.553Z,2026-06-15T03:25:52.975Z,本地新视频发现,success,处理 1 位，新增视频 0 条，跳过重复 0 条，错误 0 个。,9,50,1,0,tiktok,0.082,50,0,0,0,0
2026-06-15T03:25:20.621Z,2026-06-15T03:25:36.535Z,本地新视频发现,success,处理 1 位，新增视频 3 条，跳过重复 1 条，错误 0 个。,9,50,1,0,tiktok,0.088,50,4,3,1,3
2026-06-15T03:24:44.377Z,2026-06-15T03:25:20.583Z,本地新视频发现,success,处理 1 位，新增视频 4 条，跳过重复 0 条，错误 0 个。,9,50,1,0,tiktok,0.151,50,4,4,0,4
2026-06-14T10:20:36.359Z,2026-06-14T10:20:36.637Z,本地新视频发现,failed,处理 1 位，新增视频 0 条，跳过重复 0 条，错误 1 个。,7,25,1,0,tiktok,0,0,0,0,0,0
2026-06-14T10:20:36.067Z,2026-06-14T10:20:36.334Z,本地新视频发现,failed,处理 1 位，新增视频 0 条，跳过重复 0 条，错误 1 个。,7,25,1,0,tiktok,0,0,0,0,0,0
2026-06-14T10:20:35.781Z,2026-06-14T10:20:36.040Z,本地新视频发现,failed,处理 1 位，新增视频 0 条，跳过重复 0 条，错误 1 个。,7,25,1,0,tiktok,0,0,0,0,0,0
2026-06-14T10:20:35.472Z,2026-06-14T10:20:35.747Z,本地新视频发现,failed,处理 1 位，新增视频 0 条，跳过重复 0 条，错误 1 个。,7,25,1,0,tiktok,0,0,0,0,0,0
2026-06-14T10:20:35.182Z,2026-06-14T10:20:35.445Z,本地新视频发现,failed,处理 1 位，新增视频 0 条，跳过重复 0 条，错误 1 个。,7,25,1,0,tiktok,0,0,0,0,0,0
2026-06-14T10:20:34.891Z,2026-06-14T10:20:35.157Z,本地新视频发现,failed,处理 1 位，新增视频 0 条，跳过重复 0 条，错误 1 个。,7,25,1,0,tiktok,0,0,0,0,0,0
2026-06-14T10:20:34.601Z,2026-06-14T10:20:34.864Z,本地新视频发现,failed,处理 1 位，新增视频 0 条，跳过重复 0 条，错误 1 个。,7,25,1,0,tiktok,0,0,0,0,0,0
2026-06-14T10:20:34.297Z,2026-06-14T10:20:34.576Z,本地新视频发现,failed,处理 1 位，新增视频 0 条，跳过重复 0 条，错误 1 个。,7,25,1,0,tiktok,0,0,0,0,0,0
2026-06-14T10:20:34.011Z,2026-06-14T10:20:34.270Z,本地新视频发现,failed,处理 1 位，新增视频 0 条，跳过重复 0 条，错误 1 个。,7,25,1,0,tiktok,0,0,0,0,0,0
2026-06-14T10:20:33.721Z,2026-06-14T10:20:33.987Z,本地新视频发现,failed,处理 1 位，新增视频 0 条，跳过重复 0 条，错误 1 个。,7,25,1,0,tiktok,0,0,0,0,0,0
2026-06-14T10:20:33.432Z,2026-06-14T10:20:33.695Z,本地新视频发现,failed,处理 1 位，新增视频 0 条，跳过重复 0 条，错误 1 个。,7,25,1,0,tiktok,0,0,0,0,0,0
2026-06-14T10:20:33.144Z,2026-06-14T10:20:33.406Z,本地新视频发现,failed,处理 1 位，新增视频 0 条，跳过重复 0 条，错误 1 个。,7,25,1,0,tiktok,0,0,0,0,0,0
2026-06-14T10:20:32.850Z,2026-06-14T10:20:33.118Z,本地新视频发现,failed,处理 1 位，新增视频 0 条，跳过重复 0 条，错误 1 个。,7,25,1,0,tiktok,0,0,0,0,0,0
2026-06-14T10:20:32.547Z,2026-06-14T10:20:32.817Z,本地新视频发现,failed,处理 1 位，新增视频 0 条，跳过重复 0 条，错误 1 个。,7,25,1,0,tiktok,0,0,0,0,0,0
2026-06-14T10:20:32.220Z,2026-06-14T10:20:32.520Z,本地新视频发现,failed,处理 1 位，新增视频 0 条，跳过重复 0 条，错误 1 个。,7,25,1,0,tiktok,0,0,0,0,0,0
2026-06-14T10:20:31.913Z,2026-06-14T10:20:32.197Z,本地新视频发现,failed,处理 1 位，新增视频 0 条，跳过重复 0 条，错误 1 个。,7,25,1,0,tiktok,0,0,0,0,0,0
2026-06-14T10:20:31.621Z,2026-06-14T10:20:31.886Z,本地新视频发现,failed,处理 1 位，新增视频 0 条，跳过重复 0 条，错误 1 个。,7,25,1,0,tiktok,0,0,0,0,0,0
2026-06-14T10:20:31.328Z,2026-06-14T10:20:31.595Z,本地新视频发现,failed,处理 1 位，新增视频 0 条，跳过重复 0 条，错误 1 个。,7,25,1,0,tiktok,0,0,0,0,0,0
2026-06-14T10:20:31.045Z,2026-06-14T10:20:31.305Z,本地新视频发现,failed,处理 1 位，新增视频 0 条，跳过重复 0 条，错误 1 个。,7,25,1,0,tiktok,0,0,0,0,0,0
2026-06-14T10:20:30.743Z,2026-06-14T10:20:31.019Z,本地新视频发现,failed,处理 1 位，新增视频 0 条，跳过重复 0 条，错误 1 个。,7,25,1,0,tiktok,0,0,0,0,0,0
2026-06-14T10:20:30.467Z,2026-06-14T10:20:30.722Z,本地新视频发现,failed,处理 1 位，新增视频 0 条，跳过重复 0 条，错误 1 个。,7,25,1,0,tiktok,0,0,0,0,0,0
2026-06-14T10:20:30.195Z,2026-06-14T10:20:30.451Z,本地新视频发现,failed,处理 1 位，新增视频 0 条，跳过重复 0 条，错误 1 个。,7,25,1,0,tiktok,0,0,0,0,0,0
2026-06-14T10:20:29.916Z,2026-06-14T10:20:30.179Z,本地新视频发现,failed,处理 1 位，新增视频 0 条，跳过重复 0 条，错误 1 个。,7,25,1,0,tiktok,0,0,0,0,0,0
2026-06-14T10:20:29.609Z,2026-06-14T10:20:29.882Z,本地新视频发现,failed,处理 1 位，新增视频 0 条，跳过重复 0 条，错误 1 个。,7,25,1,0,tiktok,0,0,0,0,0,0
2026-06-14T10:20:29.318Z,2026-06-14T10:20:29.583Z,本地新视频发现,failed,处理 1 位，新增视频 0 条，跳过重复 0 条，错误 1 个。,7,25,1,0,tiktok,0,0,0,0,0,0
2026-06-14T10:20:29.041Z,2026-06-14T10:20:29.298Z,本地新视频发现,failed,处理 1 位，新增视频 0 条，跳过重复 0 条，错误 1 个。,7,25,1,0,tiktok,0,0,0,0,0,0
2026-06-14T10:20:28.769Z,2026-06-14T10:20:29.021Z,本地新视频发现,failed,处理 1 位，新增视频 0 条，跳过重复 0 条，错误 1 个。,7,25,1,0,tiktok,0,0,0,0,0,0
2026-06-14T10:20:28.491Z,2026-06-14T10:20:28.748Z,本地新视频发现,failed,处理 1 位，新增视频 0 条，跳过重复 0 条，错误 1 个。,7,25,1,0,tiktok,0,0,0,0,0,0
2026-06-14T10:20:28.211Z,2026-06-14T10:20:28.469Z,本地新视频发现,failed,处理 1 位，新增视频 0 条，跳过重复 0 条，错误 1 个。,7,25,1,0,tiktok,0,0,0,0,0,0
2026-06-14T10:20:27.933Z,2026-06-14T10:20:28.192Z,本地新视频发现,failed,处理 1 位，新增视频 0 条，跳过重复 0 条，错误 1 个。,7,25,1,0,tiktok,0,0,0,0,0,0
2026-06-14T10:20:27.648Z,2026-06-14T10:20:27.911Z,本地新视频发现,failed,处理 1 位，新增视频 0 条，跳过重复 0 条，错误 1 个。,7,25,1,0,tiktok,0,0,0,0,0,0
2026-06-14T10:20:27.348Z,2026-06-14T10:20:27.626Z,本地新视频发现,failed,处理 1 位，新增视频 0 条，跳过重复 0 条，错误 1 个。,7,25,1,0,tiktok,0,0,0,0,0,0
2026-06-14T10:20:27.067Z,2026-06-14T10:20:27.327Z,本地新视频发现,failed,处理 1 位，新增视频 0 条，跳过重复 0 条，错误 1 个。,7,25,1,0,tiktok,0,0,0,0,0,0
2026-06-14T10:20:26.788Z,2026-06-14T10:20:27.043Z,本地新视频发现,failed,处理 1 位，新增视频 0 条，跳过重复 0 条，错误 1 个。,7,25,1,0,tiktok,0,0,0,0,0,0
2026-06-14T10:20:26.509Z,2026-06-14T10:20:26.767Z,本地新视频发现,failed,处理 1 位，新增视频 0 条，跳过重复 0 条，错误 1 个。,7,25,1,0,tiktok,0,0,0,0,0,0
2026-06-14T10:20:26.221Z,2026-06-14T10:20:26.489Z,本地新视频发现,failed,处理 1 位，新增视频 0 条，跳过重复 0 条，错误 1 个。,7,25,1,0,tiktok,0,0,0,0,0,0
2026-06-14T10:20:25.936Z,2026-06-14T10:20:26.196Z,本地新视频发现,failed,处理 1 位，新增视频 0 条，跳过重复 0 条，错误 1 个。,7,25,1,0,tiktok,0,0,0,0,0,0
2026-06-14T10:20:25.648Z,2026-06-14T10:20:25.912Z,本地新视频发现,failed,处理 1 位，新增视频 0 条，跳过重复 0 条，错误 1 个。,7,25,1,0,tiktok,0,0,0,0,0,0
2026-06-14T10:20:25.356Z,2026-06-14T10:20:25.621Z,本地新视频发现,failed,处理 1 位，新增视频 0 条，跳过重复 0 条，错误 1 个。,7,25,1,0,tiktok,0,0,0,0,0,0
2026-06-14T10:20:25.058Z,2026-06-14T10:20:25.330Z,本地新视频发现,failed,处理 1 位，新增视频 0 条，跳过重复 0 条，错误 1 个。,7,25,1,0,tiktok,0,0,0,0,0,0
2026-06-14T10:20:24.767Z,2026-06-14T10:20:25.033Z,本地新视频发现,failed,处理 1 位，新增视频 0 条，跳过重复 0 条，错误 1 个。,7,25,1,0,tiktok,0,0,0,0,0,0
2026-06-14T10:20:24.464Z,2026-06-14T10:20:24.742Z,本地新视频发现,failed,处理 1 位，新增视频 0 条，跳过重复 0 条，错误 1 个。,7,25,1,0,tiktok,0,0,0,0,0,0
2026-06-14T10:20:24.147Z,2026-06-14T10:20:24.439Z,本地新视频发现,failed,处理 1 位，新增视频 0 条，跳过重复 0 条，错误 1 个。,7,25,1,0,tiktok,0,0,0,0,0,0
2026-06-14T10:20:23.851Z,2026-06-14T10:20:24.114Z,本地新视频发现,failed,处理 1 位，新增视频 0 条，跳过重复 0 条，错误 1 个。,7,25,1,0,tiktok,0,0,0,0,0,0
2026-06-14T10:20:23.556Z,2026-06-14T10:20:23.825Z,本地新视频发现,failed,处理 1 位，新增视频 0 条，跳过重复 0 条，错误 1 个。,7,25,1,0,tiktok,0,0,0,0,0,0
2026-06-14T10:20:23.261Z,2026-06-14T10:20:23.530Z,本地新视频发现,failed,处理 1 位，新增视频 0 条，跳过重复 0 条，错误 1 个。,7,25,1,0,tiktok,0,0,0,0,0,0
2026-06-14T10:20:22.962Z,2026-06-14T10:20:23.235Z,本地新视频发现,failed,处理 1 位，新增视频 0 条，跳过重复 0 条，错误 1 个。,7,25,1,0,tiktok,0,0,0,0,0,0
2026-06-14T10:20:22.675Z,2026-06-14T10:20:22.938Z,本地新视频发现,failed,处理 1 位，新增视频 0 条，跳过重复 0 条，错误 1 个。,7,25,1,0,tiktok,0,0,0,0,0,0
2026-06-14T10:20:22.383Z,2026-06-14T10:20:22.650Z,本地新视频发现,failed,处理 1 位，新增视频 0 条，跳过重复 0 条，错误 1 个。,7,25,1,0,tiktok,0,0,0,0,0,0
2026-06-14T10:20:22.088Z,2026-06-14T10:20:22.362Z,本地新视频发现,failed,处理 1 位，新增视频 0 条，跳过重复 0 条，错误 1 个。,7,25,1,0,tiktok,0,0,0,0,0,0
2026-06-14T10:20:21.791Z,2026-06-14T10:20:22.062Z,本地新视频发现,failed,处理 1 位，新增视频 0 条，跳过重复 0 条，错误 1 个。,7,25,1,0,tiktok,0,0,0,0,0,0
2026-06-14T10:20:21.493Z,2026-06-14T10:20:21.766Z,本地新视频发现,failed,处理 1 位，新增视频 0 条，跳过重复 0 条，错误 1 个。,7,25,1,0,tiktok,0,0,0,0,0,0
2026-06-14T10:20:21.196Z,2026-06-14T10:20:21.468Z,本地新视频发现,failed,处理 1 位，新增视频 0 条，跳过重复 0 条，错误 1 个。,7,25,1,0,tiktok,0,0,0,0,0,0
2026-06-14T10:20:20.896Z,2026-06-14T10:20:21.163Z,本地新视频发现,failed,处理 1 位，新增视频 0 条，跳过重复 0 条，错误 1 个。,7,25,1,0,tiktok,0,0,0,0,0,0
2026-06-14T10:20:20.611Z,2026-06-14T10:20:20.874Z,本地新视频发现,failed,处理 1 位，新增视频 0 条，跳过重复 0 条，错误 1 个。,7,25,1,0,tiktok,0,0,0,0,0,0
2026-06-14T10:20:20.319Z,2026-06-14T10:20:20.586Z,本地新视频发现,failed,处理 1 位，新增视频 0 条，跳过重复 0 条，错误 1 个。,7,25,1,0,tiktok,0,0,0,0,0,0
2026-06-14T10:20:20.028Z,2026-06-14T10:20:20.297Z,本地新视频发现,failed,处理 1 位，新增视频 0 条，跳过重复 0 条，错误 1 个。,7,25,1,0,tiktok,0,0,0,0,0,0
2026-06-14T10:20:19.721Z,2026-06-14T10:20:20.001Z,本地新视频发现,failed,处理 1 位，新增视频 0 条，跳过重复 0 条，错误 1 个。,7,25,1,0,tiktok,0,0,0,0,0,0
2026-06-14T10:20:19.435Z,2026-06-14T10:20:19.695Z,本地新视频发现,failed,处理 1 位，新增视频 0 条，跳过重复 0 条，错误 1 个。,7,25,1,0,tiktok,0,0,0,0,0,0
2026-06-14T10:20:19.143Z,2026-06-14T10:20:19.409Z,本地新视频发现,failed,处理 1 位，新增视频 0 条，跳过重复 0 条，错误 1 个。,7,25,1,0,tiktok,0,0,0,0,0,0
2026-06-14T10:20:18.842Z,2026-06-14T10:20:19.116Z,本地新视频发现,failed,处理 1 位，新增视频 0 条，跳过重复 0 条，错误 1 个。,7,25,1,0,tiktok,0,0,0,0,0,0
2026-06-14T10:20:18.551Z,2026-06-14T10:20:18.817Z,本地新视频发现,failed,处理 1 位，新增视频 0 条，跳过重复 0 条，错误 1 个。,7,25,1,0,tiktok,0,0,0,0,0,0
2026-06-14T10:20:18.261Z,2026-06-14T10:20:18.527Z,本地新视频发现,failed,处理 1 位，新增视频 0 条，跳过重复 0 条，错误 1 个。,7,25,1,0,tiktok,0,0,0,0,0,0
2026-06-14T10:20:17.961Z,2026-06-14T10:20:18.229Z,本地新视频发现,failed,处理 1 位，新增视频 0 条，跳过重复 0 条，错误 1 个。,7,25,1,0,tiktok,0,0,0,0,0,0
2026-06-14T10:20:17.667Z,2026-06-14T10:20:17.939Z,本地新视频发现,failed,处理 1 位，新增视频 0 条，跳过重复 0 条，错误 1 个。,7,25,1,0,tiktok,0,0,0,0,0,0
2026-06-14T10:20:17.374Z,2026-06-14T10:20:17.642Z,本地新视频发现,failed,处理 1 位，新增视频 0 条，跳过重复 0 条，错误 1 个。,7,25,1,0,tiktok,0,0,0,0,0,0
2026-06-14T10:20:17.086Z,2026-06-14T10:20:17.348Z,本地新视频发现,failed,处理 1 位，新增视频 0 条，跳过重复 0 条，错误 1 个。,7,25,1,0,tiktok,0,0,0,0,0,0
2026-06-14T10:20:16.791Z,2026-06-14T10:20:17.058Z,本地新视频发现,failed,处理 1 位，新增视频 0 条，跳过重复 0 条，错误 1 个。,7,25,1,0,tiktok,0,0,0,0,0,0
2026-06-14T10:20:16.496Z,2026-06-14T10:20:16.764Z,本地新视频发现,failed,处理 1 位，新增视频 0 条，跳过重复 0 条，错误 1 个。,7,25,1,0,tiktok,0,0,0,0,0,0
2026-06-14T10:20:16.210Z,2026-06-14T10:20:16.474Z,本地新视频发现,failed,处理 1 位，新增视频 0 条，跳过重复 0 条，错误 1 个。,7,25,1,0,tiktok,0,0,0,0,0,0
2026-06-14T10:20:15.919Z,2026-06-14T10:20:16.184Z,本地新视频发现,failed,处理 1 位，新增视频 0 条，跳过重复 0 条，错误 1 个。,7,25,1,0,tiktok,0,0,0,0,0,0
2026-06-14T10:20:15.609Z,2026-06-14T10:20:15.895Z,本地新视频发现,failed,处理 1 位，新增视频 0 条，跳过重复 0 条，错误 1 个。,7,25,1,0,tiktok,0,0,0,0,0,0
2026-06-14T10:20:15.318Z,2026-06-14T10:20:15.582Z,本地新视频发现,failed,处理 1 位，新增视频 0 条，跳过重复 0 条，错误 1 个。,7,25,1,0,tiktok,0,0,0,0,0,0
2026-06-14T10:20:15.001Z,2026-06-14T10:20:15.299Z,本地新视频发现,failed,处理 1 位，新增视频 0 条，跳过重复 0 条，错误 1 个。,7,25,1,0,tiktok,0,0,0,0,0,0
2026-06-14T10:20:14.714Z,2026-06-14T10:20:14.976Z,本地新视频发现,failed,处理 1 位，新增视频 0 条，跳过重复 0 条，错误 1 个。,7,25,1,0,tiktok,0,0,0,0,0,0
2026-06-14T10:20:14.429Z,2026-06-14T10:20:14.693Z,本地新视频发现,failed,处理 1 位，新增视频 0 条，跳过重复 0 条，错误 1 个。,7,25,1,0,tiktok,0,0,0,0,0,0
2026-06-14T10:20:14.137Z,2026-06-14T10:20:14.402Z,本地新视频发现,failed,处理 1 位，新增视频 0 条，跳过重复 0 条，错误 1 个。,7,25,1,0,tiktok,0,0,0,0,0,0
2026-06-14T10:20:13.851Z,2026-06-14T10:20:14.119Z,本地新视频发现,failed,处理 1 位，新增视频 0 条，跳过重复 0 条，错误 1 个。,7,25,1,0,tiktok,0,0,0,0,0,0
2026-06-14T10:20:13.559Z,2026-06-14T10:20:13.826Z,本地新视频发现,failed,处理 1 位，新增视频 0 条，跳过重复 0 条，错误 1 个。,7,25,1,0,tiktok,0,0,0,0,0,0
2026-06-14T10:20:13.264Z,2026-06-14T10:20:13.536Z,本地新视频发现,failed,处理 1 位，新增视频 0 条，跳过重复 0 条，错误 1 个。,7,25,1,0,tiktok,0,0,0,0,0,0
2026-06-14T10:20:12.955Z,2026-06-14T10:20:13.238Z,本地新视频发现,failed,处理 1 位，新增视频 0 条，跳过重复 0 条，错误 1 个。,7,25,1,0,tiktok,0,0,0,0,0,0
2026-06-14T10:20:12.665Z,2026-06-14T10:20:12.929Z,本地新视频发现,failed,处理 1 位，新增视频 0 条，跳过重复 0 条，错误 1 个。,7,25,1,0,tiktok,0,0,0,0,0,0
2026-06-14T10:20:12.356Z,2026-06-14T10:20:12.638Z,本地新视频发现,failed,处理 1 位，新增视频 0 条，跳过重复 0 条，错误 1 个。,7,25,1,0,tiktok,0,0,0,0,0,0
2026-06-14T10:20:12.056Z,2026-06-14T10:20:12.321Z,本地新视频发现,failed,处理 1 位，新增视频 0 条，跳过重复 0 条，错误 1 个。,7,25,1,0,tiktok,0,0,0,0,0,0
2026-06-14T10:20:11.759Z,2026-06-14T10:20:12.028Z,本地新视频发现,failed,处理 1 位，新增视频 0 条，跳过重复 0 条，错误 1 个。,7,25,1,0,tiktok,0,0,0,0,0,0
2026-06-14T10:20:11.467Z,2026-06-14T10:20:11.734Z,本地新视频发现,failed,处理 1 位，新增视频 0 条，跳过重复 0 条，错误 1 个。,7,25,1,0,tiktok,0,0,0,0,0,0
2026-06-14T10:20:11.162Z,2026-06-14T10:20:11.443Z,本地新视频发现,failed,处理 1 位，新增视频 0 条，跳过重复 0 条，错误 1 个。,7,25,1,0,tiktok,0,0,0,0,0,0
2026-06-14T10:20:10.870Z,2026-06-14T10:20:11.137Z,本地新视频发现,failed,处理 1 位，新增视频 0 条，跳过重复 0 条，错误 1 个。,7,25,1,0,tiktok,0,0,0,0,0,0
2026-06-14T10:20:10.578Z,2026-06-14T10:20:10.849Z,本地新视频发现,failed,处理 1 位，新增视频 0 条，跳过重复 0 条，错误 1 个。,7,25,1,0,tiktok,0,0,0,0,0,0
2026-06-14T10:20:10.285Z,2026-06-14T10:20:10.552Z,本地新视频发现,failed,处理 1 位，新增视频 0 条，跳过重复 0 条，错误 1 个。,7,25,1,0,tiktok,0,0,0,0,0,0
2026-06-14T10:20:09.983Z,2026-06-14T10:20:10.258Z,本地新视频发现,failed,处理 1 位，新增视频 0 条，跳过重复 0 条，错误 1 个。,7,25,1,0,tiktok,0,0,0,0,0,0
2026-06-14T10:20:09.691Z,2026-06-14T10:20:09.958Z,本地新视频发现,failed,处理 1 位，新增视频 0 条，跳过重复 0 条，错误 1 个。,7,25,1,0,tiktok,0,0,0,0,0,0
2026-06-14T10:20:09.400Z,2026-06-14T10:20:09.666Z,本地新视频发现,failed,处理 1 位，新增视频 0 条，跳过重复 0 条，错误 1 个。,7,25,1,0,tiktok,0,0,0,0,0,0
2026-06-14T10:20:09.106Z,2026-06-14T10:20:09.368Z,本地新视频发现,failed,处理 1 位，新增视频 0 条，跳过重复 0 条，错误 1 个。,7,25,1,0,tiktok,0,0,0,0,0,0
2026-06-14T10:20:08.813Z,2026-06-14T10:20:09.079Z,本地新视频发现,failed,处理 1 位，新增视频 0 条，跳过重复 0 条，错误 1 个。,7,25,1,0,tiktok,0,0,0,0,0,0
2026-06-14T10:20:08.515Z,2026-06-14T10:20:08.786Z,本地新视频发现,failed,处理 1 位，新增视频 0 条，跳过重复 0 条，错误 1 个。,7,25,1,0,tiktok,0,0,0,0,0,0
2026-06-14T10:20:08.217Z,2026-06-14T10:20:08.487Z,本地新视频发现,failed,处理 1 位，新增视频 0 条，跳过重复 0 条，错误 1 个。,7,25,1,0,tiktok,0,0,0,0,0,0
2026-06-14T10:20:07.917Z,2026-06-14T10:20:08.191Z,本地新视频发现,failed,处理 1 位，新增视频 0 条，跳过重复 0 条，错误 1 个。,7,25,1,0,tiktok,0,0,0,0,0,0
2026-06-14T10:20:07.610Z,2026-06-14T10:20:07.890Z,本地新视频发现,failed,处理 1 位，新增视频 0 条，跳过重复 0 条，错误 1 个。,7,25,1,0,tiktok,0,0,0,0,0,0
2026-06-14T10:20:07.314Z,2026-06-14T10:20:07.585Z,本地新视频发现,failed,处理 1 位，新增视频 0 条，跳过重复 0 条，错误 1 个。,7,25,1,0,tiktok,0,0,0,0,0,0
2026-06-14T10:20:07.025Z,2026-06-14T10:20:07.288Z,本地新视频发现,failed,处理 1 位，新增视频 0 条，跳过重复 0 条，错误 1 个。,7,25,1,0,tiktok,0,0,0,0,0,0
2026-06-14T10:20:06.731Z,2026-06-14T10:20:06.999Z,本地新视频发现,failed,处理 1 位，新增视频 0 条，跳过重复 0 条，错误 1 个。,7,25,1,0,tiktok,0,0,0,0,0,0
2026-06-14T10:20:06.362Z,2026-06-14T10:20:06.703Z,本地新视频发现,failed,处理 1 位，新增视频 0 条，跳过重复 0 条，错误 1 个。,7,25,1,0,tiktok,0,0,0,0,0,0
2026-06-14T10:20:06.055Z,2026-06-14T10:20:06.330Z,本地新视频发现,failed,处理 1 位，新增视频 0 条，跳过重复 0 条，错误 1 个。,7,25,1,0,tiktok,0,0,0,0,0,0
2026-06-14T10:20:05.758Z,2026-06-14T10:20:06.028Z,本地新视频发现,failed,处理 1 位，新增视频 0 条，跳过重复 0 条，错误 1 个。,7,25,1,0,tiktok,0,0,0,0,0,0
2026-06-14T10:20:05.467Z,2026-06-14T10:20:05.732Z,本地新视频发现,failed,处理 1 位，新增视频 0 条，跳过重复 0 条，错误 1 个。,7,25,1,0,tiktok,0,0,0,0,0,0
2026-06-14T10:20:05.170Z,2026-06-14T10:20:05.440Z,本地新视频发现,failed,处理 1 位，新增视频 0 条，跳过重复 0 条，错误 1 个。,7,25,1,0,tiktok,0,0,0,0,0,0
2026-06-14T10:20:04.881Z,2026-06-14T10:20:05.146Z,本地新视频发现,failed,处理 1 位，新增视频 0 条，跳过重复 0 条，错误 1 个。,7,25,1,0,tiktok,0,0,0,0,0,0
2026-06-14T10:20:04.588Z,2026-06-14T10:20:04.856Z,本地新视频发现,failed,处理 1 位，新增视频 0 条，跳过重复 0 条，错误 1 个。,7,25,1,0,tiktok,0,0,0,0,0,0
2026-06-14T10:20:04.279Z,2026-06-14T10:20:04.564Z,本地新视频发现,failed,处理 1 位，新增视频 0 条，跳过重复 0 条，错误 1 个。,7,25,1,0,tiktok,0,0,0,0,0,0
2026-06-14T10:20:03.982Z,2026-06-14T10:20:04.254Z,本地新视频发现,failed,处理 1 位，新增视频 0 条，跳过重复 0 条，错误 1 个。,7,25,1,0,tiktok,0,0,0,0,0,0
2026-06-14T10:20:03.684Z,2026-06-14T10:20:03.955Z,本地新视频发现,failed,处理 1 位，新增视频 0 条，跳过重复 0 条，错误 1 个。,7,25,1,0,tiktok,0,0,0,0,0,0
2026-06-14T10:20:03.394Z,2026-06-14T10:20:03.658Z,本地新视频发现,failed,处理 1 位，新增视频 0 条，跳过重复 0 条，错误 1 个。,7,25,1,0,tiktok,0,0,0,0,0,0
2026-06-14T10:20:03.100Z,2026-06-14T10:20:03.362Z,本地新视频发现,failed,处理 1 位，新增视频 0 条，跳过重复 0 条，错误 1 个。,7,25,1,0,tiktok,0,0,0,0,0,0
2026-06-14T10:20:02.811Z,2026-06-14T10:20:03.073Z,本地新视频发现,failed,处理 1 位，新增视频 0 条，跳过重复 0 条，错误 1 个。,7,25,1,0,tiktok,0,0,0,0,0,0
2026-06-14T10:20:02.508Z,2026-06-14T10:20:02.784Z,本地新视频发现,failed,处理 1 位，新增视频 0 条，跳过重复 0 条，错误 1 个。,7,25,1,0,tiktok,0,0,0,0,0,0
2026-06-14T10:20:02.216Z,2026-06-14T10:20:02.483Z,本地新视频发现,failed,处理 1 位，新增视频 0 条，跳过重复 0 条，错误 1 个。,7,25,1,0,tiktok,0,0,0,0,0,0
2026-06-14T10:20:01.927Z,2026-06-14T10:20:02.192Z,本地新视频发现,failed,处理 1 位，新增视频 0 条，跳过重复 0 条，错误 1 个。,7,25,1,0,tiktok,0,0,0,0,0,0
2026-06-14T10:20:01.631Z,2026-06-14T10:20:01.898Z,本地新视频发现,failed,处理 1 位，新增视频 0 条，跳过重复 0 条，错误 1 个。,7,25,1,0,tiktok,0,0,0,0,0,0
2026-06-14T10:20:01.335Z,2026-06-14T10:20:01.607Z,本地新视频发现,failed,处理 1 位，新增视频 0 条，跳过重复 0 条，错误 1 个。,7,25,1,0,tiktok,0,0,0,0,0,0
2026-06-14T10:20:01.035Z,2026-06-14T10:20:01.310Z,本地新视频发现,failed,处理 1 位，新增视频 0 条，跳过重复 0 条，错误 1 个。,7,25,1,0,tiktok,0,0,0,0,0,0
2026-06-14T10:20:00.746Z,2026-06-14T10:20:01.010Z,本地新视频发现,failed,处理 1 位，新增视频 0 条，跳过重复 0 条，错误 1 个。,7,25,1,0,tiktok,0,0,0,0,0,0
2026-06-14T10:20:00.465Z,2026-06-14T10:20:00.723Z,本地新视频发现,failed,处理 1 位，新增视频 0 条，跳过重复 0 条，错误 1 个。,7,25,1,0,tiktok,0,0,0,0,0,0
2026-06-14T10:20:00.169Z,2026-06-14T10:20:00.433Z,本地新视频发现,failed,处理 1 位，新增视频 0 条，跳过重复 0 条，错误 1 个。,7,25,1,0,tiktok,0,0,0,0,0,0
2026-06-14T10:19:59.874Z,2026-06-14T10:20:00.143Z,本地新视频发现,failed,处理 1 位，新增视频 0 条，跳过重复 0 条，错误 1 个。,7,25,1,0,tiktok,0,0,0,0,0,0
2026-06-14T10:19:59.582Z,2026-06-14T10:19:59.847Z,本地新视频发现,failed,处理 1 位，新增视频 0 条，跳过重复 0 条，错误 1 个。,7,25,1,0,tiktok,0,0,0,0,0,0
2026-06-14T10:19:59.281Z,2026-06-14T10:19:59.555Z,本地新视频发现,failed,处理 1 位，新增视频 0 条，跳过重复 0 条，错误 1 个。,7,25,1,0,tiktok,0,0,0,0,0,0
2026-06-14T10:19:58.986Z,2026-06-14T10:19:59.253Z,本地新视频发现,failed,处理 1 位，新增视频 0 条，跳过重复 0 条，错误 1 个。,7,25,1,0,tiktok,0,0,0,0,0,0
2026-06-14T10:19:58.688Z,2026-06-14T10:19:58.959Z,本地新视频发现,failed,处理 1 位，新增视频 0 条，跳过重复 0 条，错误 1 个。,7,25,1,0,tiktok,0,0,0,0,0,0
2026-06-14T10:19:58.396Z,2026-06-14T10:19:58.663Z,本地新视频发现,failed,处理 1 位，新增视频 0 条，跳过重复 0 条，错误 1 个。,7,25,1,0,tiktok,0,0,0,0,0,0
2026-06-14T10:19:58.108Z,2026-06-14T10:19:58.366Z,本地新视频发现,failed,处理 1 位，新增视频 0 条，跳过重复 0 条，错误 1 个。,7,25,1,0,tiktok,0,0,0,0,0,0
2026-06-14T10:19:57.831Z,2026-06-14T10:19:58.094Z,本地新视频发现,failed,处理 1 位，新增视频 0 条，跳过重复 0 条，错误 1 个。,7,25,1,0,tiktok,0,0,0,0,0,0
2026-06-14T10:19:57.541Z,2026-06-14T10:19:57.805Z,本地新视频发现,failed,处理 1 位，新增视频 0 条，跳过重复 0 条，错误 1 个。,7,25,1,0,tiktok,0,0,0,0,0,0
2026-06-14T10:19:57.245Z,2026-06-14T10:19:57.507Z,本地新视频发现,failed,处理 1 位，新增视频 0 条，跳过重复 0 条，错误 1 个。,7,25,1,0,tiktok,0,0,0,0,0,0
2026-06-14T10:19:56.949Z,2026-06-14T10:19:57.218Z,本地新视频发现,failed,处理 1 位，新增视频 0 条，跳过重复 0 条，错误 1 个。,7,25,1,0,tiktok,0,0,0,0,0,0
2026-06-14T10:19:56.658Z,2026-06-14T10:19:56.925Z,本地新视频发现,failed,处理 1 位，新增视频 0 条，跳过重复 0 条，错误 1 个。,7,25,1,0,tiktok,0,0,0,0,0,0
2026-06-14T10:19:56.370Z,2026-06-14T10:19:56.635Z,本地新视频发现,failed,处理 1 位，新增视频 0 条，跳过重复 0 条，错误 1 个。,7,25,1,0,tiktok,0,0,0,0,0,0
2026-06-14T10:19:56.079Z,2026-06-14T10:19:56.343Z,本地新视频发现,failed,处理 1 位，新增视频 0 条，跳过重复 0 条，错误 1 个。,7,25,1,0,tiktok,0,0,0,0,0,0
2026-06-14T10:19:55.787Z,2026-06-14T10:19:56.053Z,本地新视频发现,failed,处理 1 位，新增视频 0 条，跳过重复 0 条，错误 1 个。,7,25,1,0,tiktok,0,0,0,0,0,0
2026-06-14T10:19:55.493Z,2026-06-14T10:19:55.762Z,本地新视频发现,failed,处理 1 位，新增视频 0 条，跳过重复 0 条，错误 1 个。,7,25,1,0,tiktok,0,0,0,0,0,0
2026-06-14T10:19:55.201Z,2026-06-14T10:19:55.468Z,本地新视频发现,failed,处理 1 位，新增视频 0 条，跳过重复 0 条，错误 1 个。,7,25,1,0,tiktok,0,0,0,0,0,0
2026-06-14T10:19:54.900Z,2026-06-14T10:19:55.177Z,本地新视频发现,failed,处理 1 位，新增视频 0 条，跳过重复 0 条，错误 1 个。,7,25,1,0,tiktok,0,0,0,0,0,0
2026-06-14T10:19:54.611Z,2026-06-14T10:19:54.875Z,本地新视频发现,failed,处理 1 位，新增视频 0 条，跳过重复 0 条，错误 1 个。,7,25,1,0,tiktok,0,0,0,0,0,0
2026-06-14T10:19:54.314Z,2026-06-14T10:19:54.580Z,本地新视频发现,failed,处理 1 位，新增视频 0 条，跳过重复 0 条，错误 1 个。,7,25,1,0,tiktok,0,0,0,0,0,0
2026-06-14T10:19:54.019Z,2026-06-14T10:19:54.284Z,本地新视频发现,failed,处理 1 位，新增视频 0 条，跳过重复 0 条，错误 1 个。,7,25,1,0,tiktok,0,0,0,0,0,0
2026-06-14T10:19:53.722Z,2026-06-14T10:19:53.993Z,本地新视频发现,failed,处理 1 位，新增视频 0 条，跳过重复 0 条，错误 1 个。,7,25,1,0,tiktok,0,0,0,0,0,0
2026-06-14T10:19:53.419Z,2026-06-14T10:19:53.695Z,本地新视频发现,failed,处理 1 位，新增视频 0 条，跳过重复 0 条，错误 1 个。,7,25,1,0,tiktok,0,0,0,0,0,0
2026-06-14T10:19:53.118Z,2026-06-14T10:19:53.394Z,本地新视频发现,failed,处理 1 位，新增视频 0 条，跳过重复 0 条，错误 1 个。,7,25,1,0,tiktok,0,0,0,0,0,0
2026-06-14T10:19:52.820Z,2026-06-14T10:19:53.091Z,本地新视频发现,failed,处理 1 位，新增视频 0 条，跳过重复 0 条，错误 1 个。,7,25,1,0,tiktok,0,0,0,0,0,0
2026-06-14T10:19:52.497Z,2026-06-14T10:19:52.795Z,本地新视频发现,failed,处理 1 位，新增视频 0 条，跳过重复 0 条，错误 1 个。,7,25,1,0,tiktok,0,0,0,0,0,0
2026-06-14T10:19:52.201Z,2026-06-14T10:19:52.471Z,本地新视频发现,failed,处理 1 位，新增视频 0 条，跳过重复 0 条，错误 1 个。,7,25,1,0,tiktok,0,0,0,0,0,0
2026-06-14T10:19:51.906Z,2026-06-14T10:19:52.179Z,本地新视频发现,failed,处理 1 位，新增视频 0 条，跳过重复 0 条，错误 1 个。,7,25,1,0,tiktok,0,0,0,0,0,0
2026-06-14T10:19:51.616Z,2026-06-14T10:19:51.881Z,本地新视频发现,failed,处理 1 位，新增视频 0 条，跳过重复 0 条，错误 1 个。,7,25,1,0,tiktok,0,0,0,0,0,0
2026-06-14T10:19:51.311Z,2026-06-14T10:19:51.583Z,本地新视频发现,failed,处理 1 位，新增视频 0 条，跳过重复 0 条，错误 1 个。,7,25,1,0,tiktok,0,0,0,0,0,0
2026-06-14T10:19:51.005Z,2026-06-14T10:19:51.282Z,本地新视频发现,failed,处理 1 位，新增视频 0 条，跳过重复 0 条，错误 1 个。,7,25,1,0,tiktok,0,0,0,0,0,0
2026-06-14T10:19:50.716Z,2026-06-14T10:19:50.978Z,本地新视频发现,failed,处理 1 位，新增视频 0 条，跳过重复 0 条，错误 1 个。,7,25,1,0,tiktok,0,0,0,0,0,0
2026-06-14T10:19:50.418Z,2026-06-14T10:19:50.683Z,本地新视频发现,failed,处理 1 位，新增视频 0 条，跳过重复 0 条，错误 1 个。,7,25,1,0,tiktok,0,0,0,0,0,0
2026-06-14T10:19:50.120Z,2026-06-14T10:19:50.389Z,本地新视频发现,failed,处理 1 位，新增视频 0 条，跳过重复 0 条，错误 1 个。,7,25,1,0,tiktok,0,0,0,0,0,0
2026-06-14T10:19:49.834Z,2026-06-14T10:19:50.109Z,本地新视频发现,failed,处理 1 位，新增视频 0 条，跳过重复 0 条，错误 1 个。,7,25,1,0,tiktok,0,0,0,0,0,0
2026-06-14T10:19:49.537Z,2026-06-14T10:19:49.808Z,本地新视频发现,failed,处理 1 位，新增视频 0 条，跳过重复 0 条，错误 1 个。,7,25,1,0,tiktok,0,0,0,0,0,0
2026-06-14T10:19:49.233Z,2026-06-14T10:19:49.513Z,本地新视频发现,failed,处理 1 位，新增视频 0 条，跳过重复 0 条，错误 1 个。,7,25,1,0,tiktok,0,0,0,0,0,0
2026-06-14T10:18:49.580Z,2026-06-14T10:19:49.201Z,本地新视频发现,success,处理 1 位，新增视频 0 条，跳过重复 0 条，错误 0 个。,7,25,1,0,tiktok,0.01,3,0,0,0,0
2026-06-14T10:18:36.463Z,2026-06-14T10:18:49.558Z,本地新视频发现,success,处理 1 位，新增视频 0 条，跳过重复 0 条，错误 0 个。,7,25,1,0,tiktok,0.001,25,0,0,0,0
2026-06-14T10:18:22.092Z,2026-06-14T10:18:36.434Z,本地新视频发现,success,处理 1 位，新增视频 0 条，跳过重复 0 条，错误 0 个。,7,25,1,0,tiktok,0.076,25,0,0,0,0
2026-06-14T10:17:51.507Z,2026-06-14T10:18:22.065Z,本地新视频发现,success,处理 1 位，新增视频 0 条，跳过重复 0 条，错误 0 个。,7,25,1,0,tiktok,0.076,25,0,0,0,0
2026-06-14T10:17:39.126Z,2026-06-14T10:17:51.482Z,本地新视频发现,success,处理 1 位，新增视频 0 条，跳过重复 0 条，错误 0 个。,7,25,1,0,tiktok,0.076,25,0,0,0,0
2026-06-14T10:17:29.031Z,2026-06-14T10:17:39.103Z,本地新视频发现,success,处理 1 位，新增视频 0 条，跳过重复 0 条，错误 0 个。,7,25,1,0,tiktok,0,25,0,0,0,0
2026-06-14T10:17:24.231Z,2026-06-14T10:17:29.006Z,本地新视频发现,success,处理 1 位，新增视频 0 条，跳过重复 0 条，错误 0 个。,7,25,1,0,youtubevideo,0,1,0,0,0,0
2026-06-14T10:17:14.034Z,2026-06-14T10:17:24.201Z,本地新视频发现,success,处理 1 位，新增视频 0 条，跳过重复 0 条，错误 0 个。,7,25,1,0,youtubevideo,0,1,0,0,0,0
2026-06-14T10:16:57.783Z,2026-06-14T10:17:14.020Z,本地新视频发现,success,处理 1 位，新增视频 0 条，跳过重复 0 条，错误 0 个。,7,25,1,0,youtubevideo,0,5,0,0,0,0
2026-06-14T10:16:52.028Z,2026-06-14T10:16:57.757Z,本地新视频发现,success,处理 1 位，新增视频 0 条，跳过重复 0 条，错误 0 个。,7,25,1,0,youtubevideo,0,1,0,0,0,0
2026-06-14T10:16:43.109Z,2026-06-14T10:16:52.002Z,本地新视频发现,success,处理 1 位，新增视频 0 条，跳过重复 0 条，错误 0 个。,7,25,1,0,youtubevideo,0,1,0,0,0,0
2026-06-14T10:15:56.572Z,2026-06-14T10:16:43.085Z,本地新视频发现,success,处理 1 位，新增视频 0 条，跳过重复 0 条，错误 0 个。,7,25,1,0,youtubevideo,0,2,0,0,0,0
2026-06-14T10:15:43.597Z,2026-06-14T10:15:56.539Z,本地新视频发现,success,处理 1 位，新增视频 0 条，跳过重复 0 条，错误 0 个。,7,25,1,0,youtubevideo,0,1,0,0,0,0
2026-06-14T10:15:36.985Z,2026-06-14T10:15:43.570Z,本地新视频发现,success,处理 1 位，新增视频 0 条，跳过重复 0 条，错误 0 个。,7,25,1,0,youtubevideo,0,1,0,0,0,0
2026-06-14T10:15:30.994Z,2026-06-14T10:15:36.954Z,本地新视频发现,success,处理 1 位，新增视频 0 条，跳过重复 0 条，错误 0 个。,7,25,1,0,youtubevideo,0,1,0,0,0,0
2026-06-14T10:15:26.513Z,2026-06-14T10:15:30.968Z,本地新视频发现,success,处理 1 位，新增视频 0 条，跳过重复 0 条，错误 0 个。,7,25,1,0,youtubevideo,0,1,0,0,0,0
2026-06-14T10:15:16.520Z,2026-06-14T10:15:26.487Z,本地新视频发现,success,处理 1 位，新增视频 0 条，跳过重复 0 条，错误 0 个。,7,25,1,0,youtubevideo,0,1,0,0,0,0
2026-06-14T10:15:11.098Z,2026-06-14T10:15:16.489Z,本地新视频发现,success,处理 1 位，新增视频 0 条，跳过重复 0 条，错误 0 个。,7,25,1,0,youtubevideo,0,1,0,0,0,0
2026-06-14T10:15:03.169Z,2026-06-14T10:15:11.072Z,本地新视频发现,success,处理 1 位，新增视频 0 条，跳过重复 0 条，错误 0 个。,7,25,1,0,youtubevideo,0,1,0,0,0,0
2026-06-14T10:14:51.442Z,2026-06-14T10:15:03.142Z,本地新视频发现,success,处理 1 位，新增视频 0 条，跳过重复 0 条，错误 0 个。,7,25,1,0,youtubevideo,0,1,0,0,0,0
2026-06-14T10:14:25.677Z,2026-06-14T10:14:51.415Z,本地新视频发现,success,处理 1 位，新增视频 0 条，跳过重复 0 条，错误 0 个。,7,25,1,0,youtubevideo,0,1,0,0,0,0
2026-06-14T10:14:21.136Z,2026-06-14T10:14:25.647Z,本地新视频发现,success,处理 1 位，新增视频 0 条，跳过重复 0 条，错误 0 个。,7,25,1,0,youtubevideo,0,1,0,0,0,0
2026-06-14T10:14:16.421Z,2026-06-14T10:14:21.100Z,本地新视频发现,success,处理 1 位，新增视频 0 条，跳过重复 0 条，错误 0 个。,7,25,1,0,youtubevideo,0,1,0,0,0,0
2026-06-14T10:13:53.784Z,2026-06-14T10:14:16.395Z,本地新视频发现,success,处理 1 位，新增视频 0 条，跳过重复 0 条，错误 0 个。,7,25,1,0,youtubevideo,0,2,0,0,0,0
2026-06-14T10:13:49.272Z,2026-06-14T10:13:53.757Z,本地新视频发现,success,处理 1 位，新增视频 0 条，跳过重复 0 条，错误 0 个。,7,25,1,0,youtubevideo,0,1,0,0,0,0
2026-06-14T10:13:43.146Z,2026-06-14T10:13:49.245Z,本地新视频发现,success,处理 1 位，新增视频 0 条，跳过重复 0 条，错误 0 个。,7,25,1,0,youtubevideo,0,1,0,0,0,0
2026-06-14T10:13:38.735Z,2026-06-14T10:13:43.122Z,本地新视频发现,success,处理 1 位，新增视频 0 条，跳过重复 0 条，错误 0 个。,7,25,1,0,youtubevideo,0,1,0,0,0,0
2026-06-14T10:12:40.194Z,2026-06-14T10:13:38.708Z,本地新视频发现,success,处理 1 位，新增视频 0 条，跳过重复 0 条，错误 0 个。,7,25,1,0,youtubevideo,0.06,16,0,0,0,0
2026-06-14T10:12:29.350Z,2026-06-14T10:12:40.175Z,本地新视频发现,success,处理 1 位，新增视频 0 条，跳过重复 0 条，错误 0 个。,7,25,1,0,youtubevideo,0,1,0,0,0,0
2026-06-14T10:12:23.057Z,2026-06-14T10:12:29.323Z,本地新视频发现,success,处理 1 位，新增视频 0 条，跳过重复 0 条，错误 0 个。,7,25,1,0,youtubevideo,0,1,0,0,0,0
2026-06-14T10:12:14.708Z,2026-06-14T10:12:23.031Z,本地新视频发现,success,处理 1 位，新增视频 0 条，跳过重复 0 条，错误 0 个。,7,25,1,0,youtubevideo,0,1,0,0,0,0
2026-06-14T10:11:59.498Z,2026-06-14T10:12:14.679Z,本地新视频发现,success,处理 1 位，新增视频 0 条，跳过重复 0 条，错误 0 个。,7,25,1,0,youtubevideo,0,1,0,0,0,0